chrom,window_start,window_stop,center,n_variants,window_id,fst,dxy,pi_AA,pi_BB
1,60000000,60100000,60050000,4493,0,0.0033652247124591117,0.001133163921609183,0.0011377151875532673,0.0011209859532005768
1,60100000,60200000,60150000,4835,1,0.002150955225593456,0.0014670607988792523,0.0014613669690346847,0.0014664434645405987
1,60200000,60300000,60250000,3315,2,0.006456968399233712,0.0009230390381335141,0.0009150371161969924,0.0009191208922690622
1,60300000,60400000,60350000,2216,3,0.0019609111563169608,0.000555939446230623,0.0005621496608209767,0.0005475489359155695
1,60400000,60500000,60450000,1770,4,0.0027402971063012213,0.00024562171365248326,0.00024027126156120235,0.00024962601280143073
1,60500000,60600000,60550000,3023,5,0.2422295759694885,0.0008543148082103972,0.0008294956933956275,0.00046525329555065236
1,60600000,60700000,60650000,3583,6,0.2380750271915693,0.0007955514201416092,0.0007719958577348538,0.00044030513058335657
1,60700000,60800000,60750000,4529,7,0.30351516923666694,0.001482744738433284,0.0012028081963821019,0.0008626102400437742
1,60800000,60900000,60850000,4621,8,0.3954297558338224,0.0015467416364904516,0.0010442339825411494,0.0008259939551289327
1,60900000,61000000,60950000,7138,9,0.537970431638639,0.0016651820738544936,0.0007045404717032096,0.0008341862379489725
1,61000000,61100000,61050000,6664,10,0.4464277748815548,0.00199778227023728,0.0007350681002442673,0.001476765453030626
1,61100000,61200000,61150000,6124,11,0.3511438304608366,0.0015567873942887917,0.0007353929718021144,0.0012848692390880815
1,61200000,61300000,61250000,6451,12,0.51619217502278,0.001904362696712243,0.0007247528785279783,0.0011179382700002558
1,61300000,61400000,61350000,6379,13,0.4245120642717068,0.0020910031568228257,0.0007363792732609597,0.00167031490738171
1,61400000,61500000,61450000,6810,14,0.3679216075116685,0.0021580414465969585,0.0013418218499249013,0.001386280887051531
1,61500000,61600000,61550000,4567,15,0.4134533106193888,0.0016637463329138328,0.0010631532355234858,0.0008885765715560217
1,61600000,61700000,61650000,6411,16,0.34585219135719547,0.0022043554172739193,0.001647169396021292,0.0012367791353379994
1,61700000,61800000,61750000,7586,17,0.41483594135059365,0.0026433050791210746,0.0014187780429808703,0.0016747562137133314
1,61800000,61900000,61850000,7948,18,0.34174691977820937,0.0022009118944619622,0.001342275227443166,0.0015552388402096241
1,61900000,62000000,61950000,7473,19,0.3741812273072689,0.0021945517010968736,0.0013418721832247642,0.001404911121157669
1,62000000,62100000,62050000,8356,20,0.27791528677720545,0.002789721647421045,0.0020136577239579295,0.002015172987541006
1,62100000,62200000,62150000,6976,21,0.32673932430357794,0.002095833505854538,0.0013251871999834716,0.0014968973646142334
1,62200000,62300000,62250000,8878,22,0.5689694839333272,0.0033179596418132598,0.001701026608004959,0.0011592571053933886
1,62300000,62400000,62350000,8260,23,0.34399456317244914,0.002625515877432783,0.0016894357288341822,0.0017552696513117951
1,62400000,62500000,62450000,9595,24,0.38778825001181644,0.0028150640847713947,0.0013230177418508818,0.0021238128774827177
1,62500000,62600000,62550000,8891,25,0.49827206787438805,0.0034244443588390483,0.0014212019659279463,0.0020150768077511366
1,62600000,62700000,62650000,7525,26,0.33666772771933545,0.0024960765252330843,0.0014422940420851446,0.001869162184453483
1,62700000,62800000,62750000,9056,27,0.31503690610483415,0.002905441312767306,0.0017802495624560438,0.0021999905789918334
1,62800000,62900000,62850000,8101,28,0.3503224591681968,0.0026617013250742837,0.0016957661966418007,0.0017627289459642714
1,62900000,63000000,62950000,7918,29,0.38554941588571123,0.003300826271107954,0.0020418483157093486,0.0020145409449748093
1,63000000,63100000,63050000,8407,30,0.35959730690173786,0.0030226985627567126,0.0016726852469940955,0.0021988033530332125
1,63100000,63200000,63150000,10471,31,0.38706971974056914,0.004043694538045306,0.0021505897364813564,0.0028064159164939355
1,63200000,63300000,63250000,9631,32,0.27380083354704576,0.0028674358286428195,0.0019862352599396287,0.0021784237572959222
1,63300000,63400000,63350000,11078,33,0.4234879117803471,0.0043341061701090726,0.0029123483047207724,0.0020849808926697673
1,63400000,63500000,63450000,10511,34,0.29224505476090623,0.003423303276997383,0.002267723088950094,0.002577996557746132
1,63500000,63600000,63550000,11093,35,0.37640968299397226,0.003348790219741516,0.0016926115671816054,0.00248393474224904
1,63600000,63700000,63650000,10983,36,0.45472458644425584,0.003793746124866895,0.0015710340035298923,0.0025662389707947417
1,63700000,63800000,63750000,8484,37,0.415545776204926,0.0029336550939790215,0.001672528585958627,0.0017566456357093517
1,63800000,63900000,63850000,10444,38,0.46742913359552096,0.0036204849415209543,0.0016244251902267743,0.002231904413993652
1,63900000,64000000,63950000,9240,39,0.3624485823914278,0.003195217350665442,0.0014876471748908127,0.0025865835280777195
1,64000000,64100000,64050000,8587,40,0.3480375182268581,0.0033796186619203844,0.0017832365274593324,0.0026235326130855732
1,64100000,64200000,64150000,8173,41,0.418525463479512,0.0028907460853307703,0.0010060149606084961,0.0023557755197237806
1,64200000,64300000,64250000,9362,42,0.3316833459237179,0.0029633549603398073,0.0013704632343922688,0.00259045570947706
1,64300000,64400000,64350000,9171,43,0.2276351676858418,0.002499058281287602,0.0012158211439322914,0.0026445483168078075
1,64400000,64500000,64450000,8867,44,0.3524286652024349,0.0025329653889232745,0.0009759259994944585,0.00230462555630776
1,64500000,64600000,64550000,8220,45,0.42076344262732024,0.00246989565026083,0.0010786502765186689,0.001782657430535069
1,64600000,64700000,64650000,7207,46,0.4469858603811679,0.002550953392482138,0.0011824534922108333,0.0016389730988917198
1,64700000,64800000,64750000,6682,47,0.5546354525507775,0.0028907015541153923,0.000868538738578291,0.0017062932403404802
1,64800000,64900000,64850000,7360,48,0.5747669682709984,0.0032227177323904304,0.0009272234893160412,0.001813588574186386
1,64900000,65000000,64950000,7545,49,0.5057172581982532,0.003438765848310854,0.0009876514012850928,0.002411793822549562
1,65000000,65100000,65050000,10220,50,0.3434715181183116,0.003671039400617991,0.0017184601628601715,0.0031018236863710105
1,65100000,65200000,65150000,7574,51,0.36374859630018896,0.0024054218642559633,0.0008757628100326582,0.002185143265213552
1,65200000,65300000,65250000,6832,52,0.37995425155384543,0.0024308810979427288,0.0013753692501525573,0.0016391457293625097
1,65300000,65400000,65350000,7374,53,0.29600531322057777,0.0028830664210229514,0.001806998603000229,0.002252328281064476
1,65400000,65500000,65450000,6951,54,0.3138634038033672,0.002029275234052135,0.001266446968493628,0.0015182730351837473
1,65500000,65600000,65550000,6464,55,0.376837436930463,0.0023724458858265067,0.0011893434391718465,0.001767495478739045
1,65600000,65700000,65650000,5955,56,0.35002536362469044,0.0017015996782286658,0.0008629102329660318,0.0013490830312600523
1,65700000,65800000,65750000,7238,57,0.46783523525094306,0.002045264679110757,0.001117552499162845,0.0010592830944542502
1,65800000,65900000,65850000,6603,58,0.39631845926805137,0.0021480804698987828,0.0009686731107051871,0.001624839944664248
1,65900000,66000000,65950000,5970,59,0.3486654679186492,0.0018547232111583815,0.0008639729823903895,0.00155211756737019
1,66000000,66100000,66050000,5252,60,0.3963768171876991,0.0017387036720430697,0.0008462299203322921,0.0012528137686398783
1,66100000,66200000,66150000,5938,61,0.36699894594315413,0.001799985610889867,0.0007321826300883054,0.0015466029478726129
1,66200000,66300000,66250000,5216,62,0.3214766316896944,0.001837412154264906,0.0009099230777339577,0.0015835310900383147
1,66300000,66400000,66350000,4037,63,0.49345325836301784,0.0014967420721251079,0.0006885706896800555,0.0008277689497318758
1,66400000,66500000,66450000,5733,64,0.43913738821596443,0.0018855416203590978,0.0010320553723564762,0.0010830042232877696
1,66500000,66600000,66550000,4728,65,0.36358300041409974,0.0015616336479714688,0.0008115482913236829,0.0011761521100651302
1,66600000,66700000,66650000,6417,66,0.35636730858469173,0.002443990414075943,0.0011793388768917027,0.0019667253791181387
1,66700000,66800000,66750000,5870,67,0.3061489756199624,0.0024326683752058415,0.001374609403536896,0.002001209484690146
1,66800000,66900000,66850000,6109,68,0.2798885530123188,0.0019294907146927551,0.0012365160823600645,0.0015423806186533543
1,66900000,67000000,66950000,5473,69,0.3654040487394988,0.002232656526609028,0.0013774346715067786,0.0014562349131760947
1,67000000,67100000,67050000,4023,70,0.3009067318206724,0.0012053946242921475,0.0008719217874982764,0.0008134447471861128
1,67100000,67200000,67150000,4534,71,0.3706569333438518,0.00143777934831727,0.0009549775400244149,0.0008547353884653468
1,67200000,67300000,67250000,5666,72,0.47874961577934505,0.0022060795601592745,0.000870360077190626,0.0014294795595181117
1,67300000,67400000,67350000,6345,73,0.3504515272121436,0.0020131217199193022,0.0010795683502648795,0.001535671927154467
1,67400000,67500000,67450000,5996,74,0.37498066091158117,0.00246864209645611,0.0011880628140223393,0.0018978352891234002
1,67500000,67600000,67550000,5114,75,0.4119826399389526,0.001712280692870122,0.0007184462433977706,0.0012952553020122385
1,67600000,67700000,67650000,5157,76,0.3895938270068903,0.0018487388721724583,0.0009272380661282963,0.0013297251735244994
1,67700000,67800000,67750000,4368,77,0.31103141356891245,0.0017147494617603342,0.0011777300887898037,0.0011850869367151854
1,67800000,67900000,67850000,5354,78,0.32394763334459925,0.002007300566835807,0.001105454508470978,0.0016086260891252102
1,67900000,68000000,67950000,5400,79,0.5023112289759777,0.002067145766371982,0.0007431039113141365,0.0013144865606722496
1,68000000,68100000,68050000,5501,80,0.49089750143123184,0.002215457584500549,0.0012124335316213053,0.0010433564518634452
1,68100000,68200000,68150000,5309,81,0.35424346388112266,0.0013991966604323062,0.000856857442676884,0.0009502233349028688
1,68200000,68300000,68250000,5855,82,0.2847077923573514,0.0019616053353576834,0.0015027285275556136,0.001303513494147607
1,68300000,68400000,68350000,4897,83,0.3385902796999923,0.0015609131915847291,0.0008105068044765869,0.0012542995104407337
1,68400000,68500000,68450000,5278,84,0.5283097635512368,0.0024979827434855567,0.000819228677655111,0.0015373194641841907
1,68500000,68600000,68550000,4659,85,0.4223287922897421,0.001513691947744974,0.000786574366398506,0.0009622581447117832
1,68600000,68700000,68650000,4821,86,0.25804648357662974,0.001865506018107795,0.001387408444915347,0.0013808290551727543
1,68700000,68800000,68750000,4782,87,0.33385407782086873,0.0018096514481456053,0.000917255186293267,0.00149372867920227
1,68800000,68900000,68850000,4779,88,0.49269568211114584,0.0015219334757972556,0.000825133918550776,0.0007190329290723203
1,68900000,69000000,68950000,2701,89,0.5168576126288443,0.0009721580597364099,0.00040028765732326747,0.0005390938744430592
1,69000000,69100000,69050000,4851,90,0.4692019521318412,0.002277528855673285,0.0011155877097438359,0.0013022280313657367
1,69100000,69200000,69150000,6388,91,0.3798284291778721,0.0033290660611619803,0.001433600534182984,0.0026955837228599296
1,69200000,69300000,69250000,6490,92,0.37364305479030296,0.0020867924169654115,0.0008530942271822728,0.0017610596199721937
1,69300000,69400000,69350000,6954,93,0.3304478861074901,0.002338348798225865,0.0015239246116185235,0.0016073681501218055
1,69400000,69500000,69450000,7249,94,0.29542083401987307,0.0022786935420434206,0.0014369651164637546,0.001774074874290805
1,69500000,69600000,69550000,7573,95,0.3447514948283925,0.0028192938074735347,0.001540006270409227,0.002154669835564026
1,69600000,69700000,69650000,6647,96,0.3640920325205699,0.0030311210995361726,0.0015640831709800608,0.0022909449442000663
1,69700000,69800000,69750000,6730,97,0.44568833343085773,0.0028779066307313564,0.0018491081512331173,0.0013414062901890597
1,69800000,69900000,69850000,7124,98,0.3129677288974306,0.003415769984074821,0.0023063812437248317,0.002387107175720986
1,69900000,70000000,69950000,7121,99,0.29591507678066525,0.0029114947783743577,0.0018872322525881277,0.0022126469023823194
1,70000000,70100000,70050000,7737,100,0.31634822149863645,0.002464548910713017,0.0012856801801299992,0.00208410631189517
1,70100000,70200000,70150000,5816,101,0.33064295845873176,0.0018819927969137731,0.0009975980973714273,0.0015218521641169704
1,70200000,70300000,70250000,6562,102,0.4737482745077885,0.0023787236425334406,0.0008990549650353561,0.0016045598776693523
1,70300000,70400000,70350000,6894,103,0.41910656502547594,0.002853438352040425,0.001330089117063217,0.0019849980945464097
1,70400000,70500000,70450000,7310,104,0.35623595359706994,0.002169905575443186,0.001157995352189689,0.0016358190349295132
1,70500000,70600000,70550000,5872,105,0.3468751450329643,0.0020815613360510624,0.0011277670873436666,0.0015912718040830274
1,70600000,70700000,70650000,6644,106,0.3782321767049311,0.0023291342398713325,0.0011165297155517338,0.0017798317374219453
1,70700000,70800000,70750000,7112,107,0.44044020231561093,0.0022829985151403354,0.0009779670587817186,0.0015769813157096894
1,70800000,70900000,70850000,7578,108,0.3991107886876191,0.0025103906617624148,0.0010363218226201662,0.0019806115070446478
1,70900000,71000000,70950000,6973,109,0.2758041446657638,0.0021887417713548265,0.001220218044856824,0.0019499373935673893
1,71000000,71100000,71050000,6887,110,0.3538798551792531,0.0025217882613443243,0.0015564650600334593,0.0017022913332206838
1,71100000,71200000,71150000,5605,111,0.3826792829021467,0.0020207088578892917,0.0009137222287006489,0.0015811286536957857
1,71200000,71300000,71250000,6408,112,0.36929144912788114,0.002196390735592106,0.001252760261415631,0.0015178045745728819
1,71300000,71400000,71350000,6472,113,0.4020356588274594,0.002179006295423081,0.0011435628955014524,0.001462373232205562
1,71400000,71500000,71450000,5539,114,0.39249096131004757,0.0025016052597583104,0.0012839309034490703,0.0017555647096259628
1,71500000,71600000,71550000,4531,115,0.4488897574991673,0.002190708699852182,0.0012858209467597088,0.0011288230588887573
1,71600000,71700000,71650000,3939,116,0.44832722763166205,0.002183952459555445,0.001149886330973805,0.0012597678851934025
1,71700000,71800000,71750000,6528,117,0.38020220780568686,0.0024959633590715073,0.0014648776850922241,0.001629107473608672
1,71800000,71900000,71850000,6964,118,0.3593518432688645,0.0023255979359845724,0.0012846447259707667,0.0016951353360017813
1,71900000,72000000,71950000,6502,119,0.21180371469765233,0.0032569456591551413,0.002769265221029942,0.0023649597189254437
1,72000000,72100000,72050000,6673,120,0.36761163195804464,0.0015772299074398473,0.0008133641827076213,0.0011814795116781185
1,72100000,72200000,72150000,7670,121,0.34585023610418114,0.0027468731116206003,0.0013668983656390068,0.0022268344291978106
1,72200000,72300000,72250000,7769,122,0.45505983988213883,0.0026003415138090833,0.0013699259158116144,0.0014641351259809003
1,72300000,72400000,72350000,3163,123,0.09304945192137598,0.0009688605421512681,0.0009216063668748946,0.0008358108325568043
1,72400000,72500000,72450000,6846,124,0.15057999950830875,0.002206601858057991,0.0017869926930646522,0.0019616708096485656
1,72500000,72600000,72550000,9368,125,0.37536169407399167,0.0030500681470527593,0.0017768022127193513,0.002033576587948499
1,72600000,72700000,72650000,8925,126,0.3802718292051559,0.003626305060297403,0.0020034559846383057,0.0024911908188860517
1,72700000,72800000,72750000,6835,127,0.42402149587809207,0.0029269924738984194,0.0011297891987864363,0.0022419802945977505
1,72800000,72900000,72850000,9141,128,0.3142490376965398,0.0029029528294832654,0.001692595015473944,0.0022888103772055178
1,72900000,73000000,72950000,9232,129,0.3570098487449618,0.0032432559604866325,0.0018730893712798763,0.0022976739099043525
1,73000000,73100000,73050000,11048,130,0.4603567624621191,0.0038422868134859924,0.001722824655118594,0.002424103536038786
1,73100000,73200000,73150000,8536,131,0.2718727679257126,0.0027115451929699596,0.0017412030355700844,0.002207496756433102
1,73200000,73300000,73250000,8924,132,0.3910814622788421,0.0033424936428519134,0.0019779242936692524,0.002092688389026058
1,73300000,73400000,73350000,8100,133,0.4395034638717318,0.0031002747749561375,0.0016634240671261219,0.0018119624776914247
1,73400000,73500000,73450000,7135,134,0.3256617239710585,0.0025521426080211945,0.0014567332134586394,0.001985281679487429
1,73500000,73600000,73550000,9297,135,0.24111741894006947,0.0033838928404132827,0.0023012618123479994,0.0028346928531781342
1,73600000,73700000,73650000,5414,136,0.2722003933597248,0.001953426325169374,0.0013222142226989074,0.0015211915994191724
1,73700000,73800000,73750000,9714,137,0.27699142968493257,0.0029076035114852317,0.001872532052873923,0.0023319124628901427
1,73800000,73900000,73850000,7768,138,0.40413549408796157,0.0025321974359223363,0.0012293467122677486,0.0017883464357874822
1,73900000,74000000,73950000,10387,139,0.43359969473176796,0.0041230946893200315,0.0019265613347490822,0.00274408284661228
1,74000000,74100000,74050000,10864,140,0.4077623747931272,0.0037067888723630047,0.0016972110559282554,0.002693388621894882
1,74100000,74200000,74150000,9371,141,0.4873935282156006,0.003324845278498212,0.0011673843846036287,0.0022412900302763946
1,74200000,74300000,74250000,10275,142,0.4163154770530364,0.003056806261833634,0.0013983133999302376,0.002170107609429104
1,74300000,74400000,74350000,11599,143,0.33814665090803314,0.0038200433815517103,0.0020176631465635185,0.003038953864949701
1,74400000,74500000,74450000,11145,144,0.45900426965993035,0.004059560883892895,0.0016457752428616708,0.0027466349676215384
1,74500000,74600000,74550000,11718,145,0.5347301030923295,0.004154053855141824,0.0014620310810373124,0.002403481336824206
1,74600000,74700000,74650000,11443,146,0.4579288548616897,0.003641533464101852,0.0015185945831262995,0.002429345846764047
1,74700000,74800000,74750000,11365,147,0.3558127577039673,0.003509944241736354,0.0019263102202613498,0.0025958123831325993
1,74800000,74900000,74850000,9282,148,0.36726223704664646,0.0029410821092727885,0.001477203916507343,0.002244663512459514
1,74900000,75000000,74950000,7668,149,0.3511960085540317,0.00251446116654226,0.001390348058373261,0.0018724368240037933
1,75000000,75100000,75050000,8234,150,0.32081873104161823,0.0025848083199974756,0.001475252084636475,0.002035854704943725
1,75100000,75200000,75150000,10486,151,0.3108117236714366,0.003288665852284992,0.0020876321788437656,0.0024453877214700723
1,75200000,75300000,75250000,10623,152,0.3113720296348801,0.0037623561301749027,0.0023767483488762,0.0028049789825500228
1,75300000,75400000,75350000,11341,153,0.26635155941053207,0.003484703679297076,0.0023643460425904444,0.0027487487978749598
1,75400000,75500000,75450000,10584,154,0.3474891870395256,0.0037436564860060797,0.001929225024813353,0.0029563276494438536
1,75500000,75600000,75550000,9401,155,0.4688837142728068,0.0029932531132166075,0.0014146002451559583,0.001764930706309998
1,75600000,75700000,75650000,9195,156,0.28004840696129796,0.0031568002874236903,0.002180913646101825,0.002364573145569647
1,75700000,75800000,75750000,8577,157,0.25689244706357217,0.003058316063913007,0.002226139878243432,0.002319175654477772
1,75800000,75900000,75850000,10407,158,0.4021920489938885,0.004379629352882114,0.0023366330912837504,0.0028997214079415786
1,75900000,76000000,75950000,10287,159,0.3907958319977175,0.0038731932251319903,0.001994259202816225,0.0027248717096410176
1,76000000,76100000,76050000,7492,160,0.3440995242189457,0.002488465046677587,0.0015406177734800118,0.0017237530426807276
1,76100000,76200000,76150000,9299,161,0.2443018703362334,0.002957454898596112,0.002099991962331626,0.0023698943085364932
1,76200000,76300000,76250000,8930,162,0.3045247511337102,0.003199578036368642,0.0018618145693330215,0.0025886400928882016
1,76300000,76400000,76350000,7200,163,0.35632526503658224,0.0024583983196628215,0.0012704735829882432,0.0018943441906987516
1,76400000,76500000,76450000,8299,164,0.3660100894606894,0.002833068773047185,0.001313948365062574,0.0022783256708892507
1,76500000,76600000,76550000,8946,165,0.27424318660631003,0.0031374583956575814,0.001767713706333468,0.0027863499084420313
1,76600000,76700000,76650000,7056,166,0.41426760234705373,0.0025011313265146736,0.001278969632561262,0.001651017664887442
1,76700000,76800000,76750000,7178,167,0.2746371868708134,0.0021605837503029944,0.0015012456745963345,0.0016331685396456968
1,76800000,76900000,76850000,8174,168,0.3368256494284457,0.002489062802997028,0.0015240843022767516,0.0017772809135420265
1,76900000,77000000,76950000,5566,169,0.2656680205747745,0.0019805031972189007,0.0012077511852569137,0.0017009424808865966
1,77000000,77100000,77050000,6438,170,0.39905172622784113,0.002137646977552227,0.0010973644218725226,0.0014718661003160765
1,77100000,77200000,77150000,6466,171,0.3348704638150749,0.0019074537380221767,0.0009984423361031906,0.001538965304026647
1,77200000,77300000,77250000,5691,172,0.49562108621770945,0.0021298050770947765,0.0010057157787870745,0.0011427417639190939
1,77300000,77400000,77350000,4987,173,0.32967774987974696,0.0017460056772719283,0.0011699854229937025,0.0011707874856296404
1,77400000,77500000,77450000,4513,174,0.4515539344070726,0.0016918027857432709,0.0005952330990309965,0.0012604920641691312
1,77500000,77600000,77550000,4428,175,0.2593209785046809,0.001544540390220531,0.0009084400691363836,0.0013795772606407157
1,77600000,77700000,77650000,3794,176,0.3591228488152438,0.0010356924797011976,0.0005220790743404719,0.0008054242174482863
1,77700000,77800000,77750000,4236,177,0.37692511436190723,0.0018797227906140572,0.0008739081872666795,0.0014685079383196845
1,77800000,77900000,77850000,5168,178,0.3605170272581002,0.0024754717756419334,0.0009487528063212894,0.002217291293731081
1,77900000,78000000,77950000,4695,179,0.3154212218904841,0.001607712712693656,0.000820747489965848,0.0013804645188480878
1,78000000,78100000,78050000,3553,180,0.36362172651856545,0.0014233155169347993,0.0008620104212932668,0.0009495237212793513
1,78100000,78200000,78150000,2511,181,0.4905332088099241,0.0009191152813769247,0.0003104795812306799,0.0006260378450430533
1,78200000,78300000,78250000,3554,182,0.43651229197085706,0.0016022634036135458,0.000487099889072957,0.001318611576849399
1,78300000,78400000,78350000,3495,183,0.4019857170843509,0.001508571598182368,0.0005440337684803879,0.001260260956547514
1,78400000,78500000,78450000,3955,184,0.3282296231680991,0.001174356457866776,0.0004183804212568835,0.0011594153392154075
1,78500000,78600000,78550000,3938,185,0.24634126914532783,0.0009463519582027166,0.000395189386914206,0.001031263444607586
1,78600000,78700000,78650000,3027,186,0.3114181916763392,0.0008339529362993941,0.00036972345702959464,0.000778766184838135
1,78700000,78800000,78750000,3443,187,0.2965141701617258,0.0010895569748806395,0.00034213480373493225,0.0011908409815250401
1,78800000,78900000,78850000,3688,188,0.3134557412605852,0.0015724117146036923,0.0007333727860627107,0.001425687684008833
1,78900000,79000000,78950000,5210,189,0.16877747791764838,0.0017948000974585836,0.0013060315760199937,0.001677724951266362
1,79000000,79100000,79050000,6149,190,0.3891268110041932,0.0026270653429102966,0.0010610415413352511,0.0021485660261127263
1,79100000,79200000,79150000,6913,191,0.21060537009626182,0.0024264993772705676,0.001801144748460164,0.0020297864073042
1,79200000,79300000,79250000,7449,192,0.35789769505665764,0.003129133136447375,0.001323384908147911,0.002695062290627033
1,79300000,79400000,79350000,6914,193,0.37189145563720055,0.002961282248253568,0.0012194214473974596,0.0025005919173984757
1,79400000,79500000,79450000,2310,194,0.2599430424033078,0.0006636578562958053,0.00043700580772165006,0.0005452834203091846
1,79500000,79600000,79550000,1037,195,0.030262848417627813,0.0002449157954565535,0.00019578001232894562,0.00027922787939819207
1,79600000,79700000,79650000,1751,196,0.00857817453051211,0.0005430963768646076,0.0005165443379715769,0.0005603308647423729
1,79700000,79800000,79750000,5251,197,0.003639652454638782,0.0013672512746501213,0.0013388414662248232,0.0013857084441596555
1,79800000,79900000,79850000,6131,198,0.003868583811920075,0.001375148856896059,0.0013316656076613306,0.0014079923489172523
1,79900000,80000000,79950000,5508,199,0.0035158310261740873,0.0013640346415590002,0.001327141592638909,0.0013913362598519652
