position,major,minor,p_AA,n_AA,p_BB,n_BB,dp,iso_tx,strand,exon_start,exon_end,iso_locus,dist_to_gene
61020031,T,C,0.960217,171,0.012031,62,0.948186,PB.3790.1,+,61019762,61020375,PB.3790,2743
61020031,T,C,0.960217,171,0.012031,62,0.948186,PB.3790.2,+,61019981,61020630,PB.3790,2743
61020517,A,G,0.951249,177,0.133569,76,0.81768,PB.3790.2,+,61019981,61020630,PB.3790,3229
61328122,A,G,0.98009,198,0.036047,80,0.94404304,PB.3794.1,-,61327912,61328332,PB.3794,58741
61328273,A,C,0.982848,199,0.018366,74,0.964482,PB.3794.1,-,61327912,61328332,PB.3794,58590
61339400,A,G,0.964993,196,0.062531,71,0.902462,PB.3795.1,+,61338527,61339427,PB.3795,47463
61550134,A,G,0.940944,199,0.027937,71,0.913007,PB.3801.1,-,61550057,61551008,PB.3801,1278
61550329,C,T,0.933159,176,0.038628,73,0.894531,PB.3801.1,-,61550057,61551008,PB.3801,1083
61550331,A,T,0.934135,177,0.038957,73,0.895178,PB.3801.1,-,61550057,61551008,PB.3801,1081
61550429,T,G,0.838692,160,0.029028,74,0.809664,PB.3801.1,-,61550057,61551008,PB.3801,983
61550752,A,G,0.918012,152,0.019096,73,0.898916,PB.3801.1,-,61550057,61551008,PB.3801,660
61550833,C,T,0.943001,174,0.027016,79,0.915985,PB.3801.1,-,61550057,61551008,PB.3801,579
61550854,A,G,0.944462,170,0.106873,79,0.837589,PB.3801.1,-,61550057,61551008,PB.3801,558
61550861,A,G,0.937898,174,0.069994,78,0.86790395,PB.3801.1,-,61550057,61551008,PB.3801,551
61586455,G,A,0.968647,166,0.098072,65,0.870575,PB.3805.1,-,61586454,61587188,PB.3805,4623
61821026,A,C,0.977086,203,0.025874,79,0.951212,PB.3812.1,-,61820858,61821584,PB.3812,36753
61821109,G,C,0.959472,211,1e-06,74,0.959471,PB.3812.1,-,61820858,61821584,PB.3812,36670
61821115,C,G,0.975889,213,0.049263,82,0.926626,PB.3812.1,-,61820858,61821584,PB.3812,36664
61821291,C,T,0.983371,199,0.034139,78,0.94923204,PB.3812.1,-,61820858,61821584,PB.3812,36488
63272701,A,G,0.801585,208,1e-06,72,0.801584,PB.3813.1,+,63272600,63273194,PB.3813,315569
63272872,A,T,0.811741,209,1e-06,82,0.81174,PB.3813.1,+,63272600,63273194,PB.3813,315398
64593552,C,A,0.039764,189,0.878411,80,0.838647,PB.3816.1,-,64592994,64593744,PB.3816,200814
65182289,A,G,0.127897,207,0.980083,74,0.85218596,PB.3819.1,+,65182000,65182585,PB.3819,165702
65182377,G,A,0.121532,203,0.974569,81,0.853037,PB.3819.1,+,65182000,65182585,PB.3819,165790
66007799,C,T,0.973095,172,0.100474,71,0.872621,PB.3825.2,-,66007676,66008257,PB.3825,83613
66007799,C,T,0.973095,172,0.100474,71,0.872621,PB.3825.1,-,66007676,66008332,PB.3825,83613
66082756,G,A,0.952832,194,0.144096,71,0.80873597,PB.3830.1,-,66082706,66084149,PB.3830,8656
67943152,G,A,0.918043,162,0.074351,62,0.843692,PB.3853.1,-,67943053,67943452,PB.3853,9349
67943152,G,A,0.918043,162,0.074351,62,0.843692,PB.3853.2,-,67943054,67943823,PB.3853,9349
67944251,A,G,0.945241,200,0.068657,81,0.876584,PB.3854.2,-,67944041,67944635,PB.3854,8250
67944251,A,G,0.945241,200,0.068657,81,0.876584,PB.3854.1,-,67944041,67944742,PB.3854,8250
67944251,A,G,0.945241,200,0.068657,81,0.876584,PB.3854.3,-,67944042,67945065,PB.3854,8250
67944251,A,G,0.945241,200,0.068657,81,0.876584,PB.3854.4,-,67944104,67944925,PB.3854,8250
67944251,A,G,0.945241,200,0.068657,81,0.876584,PB.3854.7,-,67944201,67944702,PB.3854,8250
67944251,A,G,0.945241,200,0.068657,81,0.876584,PB.3854.6,-,67944201,67944859,PB.3854,8250
67944251,A,G,0.945241,200,0.068657,81,0.876584,PB.3854.5,-,67944201,67945085,PB.3854,8250
67944944,G,T,0.835382,182,0.028683,76,0.806699,PB.3854.3,-,67944042,67945065,PB.3854,7557
67944944,G,T,0.835382,182,0.028683,76,0.806699,PB.3854.5,-,67944201,67945085,PB.3854,7557
67944959,G,A,0.954385,186,0.048884,72,0.905501,PB.3854.3,-,67944042,67945065,PB.3854,7542
67944959,G,A,0.954385,186,0.048884,72,0.905501,PB.3854.5,-,67944201,67945085,PB.3854,7542
68066241,T,G,0.8907,160,2.5e-05,70,0.890675,PB.3860.1,-,68065893,68066534,PB.3860,15920
68394980,A,T,0.978464,190,2e-06,80,0.978462,PB.3867.3,-,68394762,68395399,PB.3867,305967
68394980,A,T,0.978464,190,2e-06,80,0.978462,PB.3867.2,-,68394762,68395487,PB.3867,305967
68394980,A,T,0.978464,190,2e-06,80,0.978462,PB.3867.1,-,68394762,68395569,PB.3867,305967
68395030,G,A,0.978401,191,1e-06,81,0.9784,PB.3867.3,-,68394762,68395399,PB.3867,306017
68395030,G,A,0.978401,191,1e-06,81,0.9784,PB.3867.2,-,68394762,68395487,PB.3867,306017
68395030,G,A,0.978401,191,1e-06,81,0.9784,PB.3867.1,-,68394762,68395569,PB.3867,306017
68395318,C,T,0.971065,196,0.008048,85,0.963017,PB.3867.3,-,68394762,68395399,PB.3867,306305
68395318,C,T,0.971065,196,0.008048,85,0.963017,PB.3867.2,-,68394762,68395487,PB.3867,306305
68395318,C,T,0.971065,196,0.008048,85,0.963017,PB.3867.1,-,68394762,68395569,PB.3867,306305
68957450,A,G,0.977967,193,0.042641,78,0.93532604,PB.3872.1,-,68957420,68957984,PB.3872,37210
68957895,G,C,0.962071,193,0.007657,84,0.954414,PB.3872.1,-,68957420,68957984,PB.3872,37655
68957933,A,G,0.980912,181,0.176554,83,0.804358,PB.3872.1,-,68957420,68957984,PB.3872,37693
68957969,T,G,0.911505,171,2e-06,86,0.91150296,PB.3872.1,-,68957420,68957984,PB.3872,37729
69023462,T,C,0.868692,177,0.010257,72,0.858435,PB.3875.1,-,69022906,69023932,PB.3875,9020
69023463,T,C,0.890489,178,0.010322,70,0.880167,PB.3875.1,-,69022906,69023932,PB.3875,9019
69027935,T,A,0.850044,171,4e-06,73,0.85004,PB.3876.3,-,69027267,69028034,PB.3876,4547
69027935,T,A,0.850044,171,4e-06,73,0.85004,PB.3876.2,-,69027267,69028179,PB.3876,4547
69027935,T,A,0.850044,171,4e-06,73,0.85004,PB.3876.1,-,69027267,69028416,PB.3876,4547
69027935,T,A,0.850044,171,4e-06,73,0.85004,PB.3876.9,-,69027268,69028294,PB.3876,4547
69027935,T,A,0.850044,171,4e-06,73,0.85004,PB.3876.8,-,69027268,69028479,PB.3876,4547
69027935,T,A,0.850044,171,4e-06,73,0.85004,PB.3876.7,-,69027268,69028660,PB.3876,4547
69027935,T,A,0.850044,171,4e-06,73,0.85004,PB.3876.16,-,69027269,69028459,PB.3876,4547
69027935,T,A,0.850044,171,4e-06,73,0.85004,PB.3876.15,-,69027269,69028573,PB.3876,4547
69027935,T,A,0.850044,171,4e-06,73,0.85004,PB.3876.14,-,69027269,69028684,PB.3876,4547
69027935,T,A,0.850044,171,4e-06,73,0.85004,PB.3876.19,-,69027355,69027970,PB.3876,4547
69027935,T,A,0.850044,171,4e-06,73,0.85004,PB.3876.18,-,69027355,69028345,PB.3876,4547
69027935,T,A,0.850044,171,4e-06,73,0.85004,PB.3876.17,-,69027355,69028571,PB.3876,4547
69027935,T,A,0.850044,171,4e-06,73,0.85004,PB.3876.21,-,69027653,69028286,PB.3876,4547
69027935,T,A,0.850044,171,4e-06,73,0.85004,PB.3876.25,-,69027679,69028147,PB.3876,4547
69027935,T,A,0.850044,171,4e-06,73,0.85004,PB.3876.24,-,69027679,69028230,PB.3876,4547
69027935,T,A,0.850044,171,4e-06,73,0.85004,PB.3876.23,-,69027679,69028465,PB.3876,4547
69027935,T,A,0.850044,171,4e-06,73,0.85004,PB.3876.22,-,69027679,69028538,PB.3876,4547
69027935,T,A,0.850044,171,4e-06,73,0.85004,PB.3876.26,-,69027680,69028292,PB.3876,4547
69027940,T,G,0.85013,170,3e-06,70,0.85012704,PB.3876.3,-,69027267,69028034,PB.3876,4542
69027940,T,G,0.85013,170,3e-06,70,0.85012704,PB.3876.2,-,69027267,69028179,PB.3876,4542
69027940,T,G,0.85013,170,3e-06,70,0.85012704,PB.3876.1,-,69027267,69028416,PB.3876,4542
69027940,T,G,0.85013,170,3e-06,70,0.85012704,PB.3876.9,-,69027268,69028294,PB.3876,4542
69027940,T,G,0.85013,170,3e-06,70,0.85012704,PB.3876.8,-,69027268,69028479,PB.3876,4542
69027940,T,G,0.85013,170,3e-06,70,0.85012704,PB.3876.7,-,69027268,69028660,PB.3876,4542
69027940,T,G,0.85013,170,3e-06,70,0.85012704,PB.3876.16,-,69027269,69028459,PB.3876,4542
69027940,T,G,0.85013,170,3e-06,70,0.85012704,PB.3876.15,-,69027269,69028573,PB.3876,4542
69027940,T,G,0.85013,170,3e-06,70,0.85012704,PB.3876.14,-,69027269,69028684,PB.3876,4542
69027940,T,G,0.85013,170,3e-06,70,0.85012704,PB.3876.19,-,69027355,69027970,PB.3876,4542
69027940,T,G,0.85013,170,3e-06,70,0.85012704,PB.3876.18,-,69027355,69028345,PB.3876,4542
69027940,T,G,0.85013,170,3e-06,70,0.85012704,PB.3876.17,-,69027355,69028571,PB.3876,4542
69027940,T,G,0.85013,170,3e-06,70,0.85012704,PB.3876.21,-,69027653,69028286,PB.3876,4542
69027940,T,G,0.85013,170,3e-06,70,0.85012704,PB.3876.25,-,69027679,69028147,PB.3876,4542
69027940,T,G,0.85013,170,3e-06,70,0.85012704,PB.3876.24,-,69027679,69028230,PB.3876,4542
69027940,T,G,0.85013,170,3e-06,70,0.85012704,PB.3876.23,-,69027679,69028465,PB.3876,4542
69027940,T,G,0.85013,170,3e-06,70,0.85012704,PB.3876.22,-,69027679,69028538,PB.3876,4542
69027940,T,G,0.85013,170,3e-06,70,0.85012704,PB.3876.26,-,69027680,69028292,PB.3876,4542
69028254,A,G,0.882204,181,0.010426,73,0.871778,PB.3876.1,-,69027267,69028416,PB.3876,4228
69028254,A,G,0.882204,181,0.010426,73,0.871778,PB.3876.9,-,69027268,69028294,PB.3876,4228
69028254,A,G,0.882204,181,0.010426,73,0.871778,PB.3876.8,-,69027268,69028479,PB.3876,4228
69028254,A,G,0.882204,181,0.010426,73,0.871778,PB.3876.7,-,69027268,69028660,PB.3876,4228
69028254,A,G,0.882204,181,0.010426,73,0.871778,PB.3876.16,-,69027269,69028459,PB.3876,4228
69028254,A,G,0.882204,181,0.010426,73,0.871778,PB.3876.15,-,69027269,69028573,PB.3876,4228
69028254,A,G,0.882204,181,0.010426,73,0.871778,PB.3876.14,-,69027269,69028684,PB.3876,4228
69028254,A,G,0.882204,181,0.010426,73,0.871778,PB.3876.18,-,69027355,69028345,PB.3876,4228
69028254,A,G,0.882204,181,0.010426,73,0.871778,PB.3876.17,-,69027355,69028571,PB.3876,4228
69028254,A,G,0.882204,181,0.010426,73,0.871778,PB.3876.21,-,69027653,69028286,PB.3876,4228
69028254,A,G,0.882204,181,0.010426,73,0.871778,PB.3876.23,-,69027679,69028465,PB.3876,4228
69028254,A,G,0.882204,181,0.010426,73,0.871778,PB.3876.22,-,69027679,69028538,PB.3876,4228
69028254,A,G,0.882204,181,0.010426,73,0.871778,PB.3876.26,-,69027680,69028292,PB.3876,4228
69028254,A,G,0.882204,181,0.010426,73,0.871778,PB.3876.29,-,69028035,69028474,PB.3876,4228
69028254,A,G,0.882204,181,0.010426,73,0.871778,PB.3876.28,-,69028035,69028538,PB.3876,4228
69028254,A,G,0.882204,181,0.010426,73,0.871778,PB.3876.27,-,69028035,69028725,PB.3876,4228
69069839,G,A,0.876567,196,1e-06,76,0.876566,PB.3881.18,-,69069837,69069934,PB.3881,1384
69814563,C,A,0.972627,182,0.128087,68,0.84454,PB.3894.1,+,69814321,69815004,PB.3894,68123
70375528,T,C,0.92018,190,1e-06,80,0.920179,PB.3901.1,+,70375153,70376007,PB.3901,56123
70375530,T,C,0.943472,192,0.042314,79,0.90115803,PB.3901.1,+,70375153,70376007,PB.3901,56125
70375636,G,T,0.966928,175,0.12193,74,0.844998,PB.3901.1,+,70375153,70376007,PB.3901,56231
70375651,C,G,0.933952,182,0.005345,75,0.928607,PB.3901.1,+,70375153,70376007,PB.3901,56246
70413745,C,A,0.876237,159,0.049585,74,0.826652,PB.3898.1,-,70413298,70413785,PB.3898,94340
71519953,C,T,0.940083,180,0.019195,71,0.920888,PB.3911.1,+,71519887,71521246,PB.3911,40985
71519984,G,A,0.956425,180,0.132363,77,0.824062,PB.3911.1,+,71519887,71521246,PB.3911,40954
71520022,G,A,0.971827,177,0.125872,79,0.84595495,PB.3911.1,+,71519887,71521246,PB.3911,40916
71520055,T,C,0.970233,173,0.11028,78,0.85995305,PB.3911.1,+,71519887,71521246,PB.3911,40883
71520100,T,C,0.953739,179,0.130056,81,0.823683,PB.3911.1,+,71519887,71521246,PB.3911,40838
71520144,T,G,0.960153,192,0.154928,74,0.805225,PB.3911.1,+,71519887,71521246,PB.3911,40794
71520252,G,A,0.967393,196,0.145137,88,0.82225597,PB.3911.1,+,71519887,71521246,PB.3911,40686
71520252,G,A,0.967393,196,0.145137,88,0.82225597,PB.3911.2,+,71520155,71521246,PB.3911,40686
71520361,C,T,0.974489,194,0.032144,82,0.94234496,PB.3911.1,+,71519887,71521246,PB.3911,40577
71520361,C,T,0.974489,194,0.032144,82,0.94234496,PB.3911.2,+,71520155,71521246,PB.3911,40577
71520631,A,T,0.976836,191,0.145274,77,0.83156204,PB.3911.1,+,71519887,71521246,PB.3911,40307
71520631,A,T,0.976836,191,0.145274,77,0.83156204,PB.3911.2,+,71520155,71521246,PB.3911,40307
71520631,A,T,0.976836,191,0.145274,77,0.83156204,PB.3911.3,+,71520567,71521246,PB.3911,40307
71520636,C,T,0.975,195,0.134733,77,0.840267,PB.3911.1,+,71519887,71521246,PB.3911,40302
71520636,C,T,0.975,195,0.134733,77,0.840267,PB.3911.2,+,71520155,71521246,PB.3911,40302
71520636,C,T,0.975,195,0.134733,77,0.840267,PB.3911.3,+,71520567,71521246,PB.3911,40302
71520670,G,T,0.974764,187,0.027867,77,0.946897,PB.3911.1,+,71519887,71521246,PB.3911,40268
71520670,G,T,0.974764,187,0.027867,77,0.946897,PB.3911.2,+,71520155,71521246,PB.3911,40268
71520670,G,T,0.974764,187,0.027867,77,0.946897,PB.3911.3,+,71520567,71521246,PB.3911,40268
73767728,T,G,0.953992,179,0.031325,69,0.922667,PB.3927.1,+,73767429,73768148,PB.3927,348579
73767775,C,G,0.946218,184,0.042633,70,0.903585,PB.3927.1,+,73767429,73768148,PB.3927,348626
73768019,G,A,0.968516,196,0.039869,85,0.928647,PB.3927.1,+,73767429,73768148,PB.3927,348870
74086985,G,T,0.946109,188,0.123185,76,0.822924,PB.3938.1,-,74086971,74087688,PB.3938,42139
74086992,C,A,0.943042,186,0.136371,64,0.80667096,PB.3938.1,-,74086971,74087688,PB.3938,42132
74086995,C,T,0.949589,191,0.147462,66,0.802127,PB.3938.1,-,74086971,74087688,PB.3938,42129
74361972,G,A,0.895888,186,0.0275,75,0.868388,PB.3935.1,+,74361656,74362653,PB.3935,53287
74361972,G,A,0.895888,186,0.0275,75,0.868388,PB.3935.2,+,74361907,74362653,PB.3935,53287
74362212,C,T,0.876593,188,0.008889,79,0.867704,PB.3935.1,+,74361656,74362653,PB.3935,53527
74362212,C,T,0.876593,188,0.008889,79,0.867704,PB.3935.2,+,74361907,74362653,PB.3935,53527
74362212,C,T,0.876593,188,0.008889,79,0.867704,PB.3935.3,+,74362095,74362639,PB.3935,53527
74363371,A,T,0.82045,195,2e-06,80,0.820448,PB.3936.1,+,74363252,74364190,PB.3936,54686
74363524,A,G,0.978557,187,0.119765,74,0.858792,PB.3936.1,+,74363252,74364190,PB.3936,54839
74363524,A,G,0.978557,187,0.119765,74,0.858792,PB.3936.2,+,74363447,74364190,PB.3936,54839
74363530,C,T,0.883473,182,2e-06,74,0.88347095,PB.3936.1,+,74363252,74364190,PB.3936,54845
74363530,C,T,0.883473,182,2e-06,74,0.88347095,PB.3936.2,+,74363447,74364190,PB.3936,54845
74363540,A,G,0.878007,183,3e-06,72,0.878004,PB.3936.1,+,74363252,74364190,PB.3936,54855
74363540,A,G,0.878007,183,3e-06,72,0.878004,PB.3936.2,+,74363447,74364190,PB.3936,54855
74363578,G,T,0.917381,183,2e-06,72,0.91737896,PB.3936.1,+,74363252,74364190,PB.3936,54893
74363578,G,T,0.917381,183,2e-06,72,0.91737896,PB.3936.2,+,74363447,74364190,PB.3936,54893
74369291,C,T,0.933161,188,2e-06,72,0.933159,PB.3939.1,+,74368762,74369722,PB.3939,60606
74369291,C,T,0.933161,188,2e-06,72,0.933159,PB.3939.2,+,74369037,74369777,PB.3939,60606
74369291,C,T,0.933161,188,2e-06,72,0.933159,PB.3939.3,+,74369191,74369722,PB.3939,60606
74369338,T,C,0.932002,187,0.009299,73,0.922703,PB.3939.1,+,74368762,74369722,PB.3939,60653
74369338,T,C,0.932002,187,0.009299,73,0.922703,PB.3939.2,+,74369037,74369777,PB.3939,60653
74369338,T,C,0.932002,187,0.009299,73,0.922703,PB.3939.3,+,74369191,74369722,PB.3939,60653
74393637,C,G,0.898659,162,0.011264,68,0.88739496,PB.3941.1,+,74393587,74394288,PB.3941,84952
74394018,C,T,0.900969,198,1e-06,79,0.900968,PB.3941.1,+,74393587,74394288,PB.3941,85333
74394018,C,T,0.900969,198,1e-06,79,0.900968,PB.3941.2,+,74393818,74394288,PB.3941,85333
74394142,A,C,0.898478,198,3e-06,72,0.898475,PB.3941.1,+,74393587,74394288,PB.3941,85457
74394142,A,C,0.898478,198,3e-06,72,0.898475,PB.3941.2,+,74393818,74394288,PB.3941,85457
74437487,A,T,0.885022,198,1e-06,82,0.885021,PB.3945.1,+,74437173,74437797,PB.3945,128802
74437488,A,G,0.884982,198,4e-06,83,0.884978,PB.3945.1,+,74437173,74437797,PB.3945,128803
74437493,C,A,0.882067,198,1e-06,83,0.882066,PB.3945.1,+,74437173,74437797,PB.3945,128808
74439023,C,A,0.886841,195,0.009051,80,0.87779,PB.3946.1,+,74438626,74439323,PB.3946,130338
74439034,T,G,0.031024,192,0.955118,81,0.924094,PB.3946.1,+,74438626,74439323,PB.3946,130349
74480853,C,G,0.973426,197,0.08435,71,0.889076,PB.3948.1,+,74480661,74481383,PB.3948,133809
74480919,T,C,0.956439,200,0.043726,80,0.912713,PB.3948.1,+,74480661,74481383,PB.3948,133743
74480919,T,C,0.956439,200,0.043726,80,0.912713,PB.3948.2,+,74480874,74481383,PB.3948,133743
74480932,T,C,0.958618,198,0.05778,84,0.90083796,PB.3948.1,+,74480661,74481383,PB.3948,133730
74480932,T,C,0.958618,198,0.05778,84,0.90083796,PB.3948.2,+,74480874,74481383,PB.3948,133730
74480933,T,A,0.962687,199,0.059836,82,0.902851,PB.3948.1,+,74480661,74481383,PB.3948,133729
74480933,T,A,0.962687,199,0.059836,82,0.902851,PB.3948.2,+,74480874,74481383,PB.3948,133729
74481088,A,G,0.966173,192,4e-06,81,0.966169,PB.3948.1,+,74480661,74481383,PB.3948,133574
74481088,A,G,0.966173,192,4e-06,81,0.966169,PB.3948.2,+,74480874,74481383,PB.3948,133574
74481185,C,T,0.964146,191,0.008479,83,0.955667,PB.3948.1,+,74480661,74481383,PB.3948,133477
74481185,C,T,0.964146,191,0.008479,83,0.955667,PB.3948.2,+,74480874,74481383,PB.3948,133477
74487551,C,A,0.887384,184,2e-06,74,0.887382,PB.3949.1,+,74487183,74487947,PB.3949,127111
74487839,G,C,0.883687,183,0.010333,68,0.873354,PB.3949.1,+,74487183,74487947,PB.3949,126823
74494371,G,A,0.932356,208,0.032804,84,0.899552,PB.3950.1,+,74493995,74495016,PB.3950,120291
74494371,G,A,0.932356,208,0.032804,84,0.899552,PB.3950.2,+,74494126,74495016,PB.3950,120291
74494371,G,A,0.932356,208,0.032804,84,0.899552,PB.3950.3,+,74494340,74495016,PB.3950,120291
74496285,T,C,0.946806,188,0.141581,79,0.805225,PB.3951.1,+,74495937,74496913,PB.3951,118377
74496285,T,C,0.946806,188,0.141581,79,0.805225,PB.3951.2,+,74496102,74496903,PB.3951,118377
74496501,C,T,0.831904,192,2e-06,82,0.83190197,PB.3951.1,+,74495937,74496913,PB.3951,118161
74496501,C,T,0.831904,192,2e-06,82,0.83190197,PB.3951.2,+,74496102,74496903,PB.3951,118161
74502537,A,G,0.974032,191,3e-06,72,0.974029,PB.3952.1,+,74501791,74502572,PB.3952,112125
74543615,G,C,0.829114,199,0.01548,81,0.81363404,PB.3954.1,+,74543575,74544293,PB.3954,71047
74544161,A,C,0.832348,204,0.028309,73,0.804039,PB.3954.1,+,74543575,74544293,PB.3954,70501
74544161,A,C,0.832348,204,0.028309,73,0.804039,PB.3954.2,+,74543738,74544293,PB.3954,70501
74544161,A,C,0.832348,204,0.028309,73,0.804039,PB.3954.3,+,74543822,74544293,PB.3954,70501
74558425,T,C,0.977729,207,0.111772,82,0.865957,PB.3955.1,+,74558115,74559158,PB.3955,56237
74558425,T,C,0.977729,207,0.111772,82,0.865957,PB.3955.2,+,74558144,74558887,PB.3955,56237
74558425,T,C,0.977729,207,0.111772,82,0.865957,PB.3955.3,+,74558392,74559158,PB.3955,56237
74558724,G,A,0.96012,195,0.097656,81,0.862464,PB.3955.1,+,74558115,74559158,PB.3955,55938
74558724,G,A,0.96012,195,0.097656,81,0.862464,PB.3955.2,+,74558144,74558887,PB.3955,55938
74558724,G,A,0.96012,195,0.097656,81,0.862464,PB.3955.3,+,74558392,74559158,PB.3955,55938
74558724,G,A,0.96012,195,0.097656,81,0.862464,PB.3955.4,+,74558455,74559158,PB.3955,55938
74558733,A,G,0.960628,193,0.138282,80,0.822346,PB.3955.1,+,74558115,74559158,PB.3955,55929
74558733,A,G,0.960628,193,0.138282,80,0.822346,PB.3955.2,+,74558144,74558887,PB.3955,55929
74558733,A,G,0.960628,193,0.138282,80,0.822346,PB.3955.3,+,74558392,74559158,PB.3955,55929
74558733,A,G,0.960628,193,0.138282,80,0.822346,PB.3955.4,+,74558455,74559158,PB.3955,55929
74559713,T,A,0.969216,182,0.079464,76,0.889752,PB.3956.1,+,74559678,74561435,PB.3956,54949
74559720,A,T,0.981331,185,0.07988,74,0.901451,PB.3956.1,+,74559678,74561435,PB.3956,54942
74559744,T,G,0.98218,193,0.079418,72,0.902762,PB.3956.1,+,74559678,74561435,PB.3956,54918
74559761,A,C,0.985778,193,0.083279,74,0.90249896,PB.3956.1,+,74559678,74561435,PB.3956,54901
74559764,T,G,0.98203,193,0.083815,74,0.898215,PB.3956.1,+,74559678,74561435,PB.3956,54898
74560805,G,A,0.969597,192,0.046874,76,0.922723,PB.3956.1,+,74559678,74561435,PB.3956,53857
74560805,G,A,0.969597,192,0.046874,76,0.922723,PB.3956.2,+,74560636,74561435,PB.3956,53857
74560805,G,A,0.969597,192,0.046874,76,0.922723,PB.3956.3,+,74560669,74561232,PB.3956,53857
74560805,G,A,0.969597,192,0.046874,76,0.922723,PB.3956.4,+,74560731,74561435,PB.3956,53857
74566162,A,G,0.972295,195,0.143902,85,0.828393,PB.3957.1,+,74566118,74566865,PB.3957,48500
74566170,T,G,0.978818,194,0.141299,85,0.837519,PB.3957.1,+,74566118,74566865,PB.3957,48492
74566343,C,G,0.975296,194,0.114277,75,0.861019,PB.3957.1,+,74566118,74566865,PB.3957,48319
74599345,C,T,0.948742,198,1e-06,77,0.94874096,PB.3959.1,+,74598899,74599648,PB.3959,15317
74599414,G,T,0.94729,195,0.008523,76,0.938767,PB.3959.1,+,74598899,74599648,PB.3959,15248
74610764,A,G,0.968998,195,0.034738,75,0.93426,PB.3961.1,+,74610246,74610852,PB.3961,3898
74610764,A,G,0.968998,195,0.034738,75,0.93426,PB.3961.2,+,74610484,74611174,PB.3961,3898
74611025,G,A,0.941691,183,0.009139,74,0.932552,PB.3961.2,+,74610484,74611174,PB.3961,3637
74612055,G,A,0.970308,194,1e-06,77,0.970307,PB.3988.1,-,74611841,74612459,PB.3988,2607
74612127,C,T,0.962218,203,2e-06,83,0.96221596,PB.3988.1,-,74611841,74612459,PB.3988,2535
74612132,C,T,0.959876,196,0.008726,82,0.95115,PB.3988.1,-,74611841,74612459,PB.3988,2530
76328014,C,T,0.916223,188,0.057632,83,0.85859096,PB.3993.1,-,76327796,76328565,PB.3993,268302
76328034,A,C,0.930015,180,0.053183,81,0.876832,PB.3993.1,-,76327796,76328565,PB.3993,268282
76328037,T,A,0.929442,180,0.053554,78,0.875888,PB.3993.1,-,76327796,76328565,PB.3993,268279
76328050,A,G,0.879812,183,0.015796,82,0.864016,PB.3993.1,-,76327796,76328565,PB.3993,268266
76328392,T,C,0.853659,181,0.021315,65,0.832344,PB.3993.1,-,76327796,76328565,PB.3993,267924
77902637,G,T,0.892902,188,0.08063,81,0.812272,PB.4014.1,-,77902423,77904367,PB.4014,9655
78211780,C,T,0.958542,178,5e-06,76,0.958537,PB.4039.1,+,78211181,78211967,PB.4039,2830
78211780,C,T,0.958542,178,5e-06,76,0.958537,PB.4039.2,+,78211299,78211964,PB.4039,2830
78211780,C,T,0.958542,178,5e-06,76,0.958537,PB.4039.3,+,78211491,78211966,PB.4039,2830
78309043,A,G,0.89718,208,0.078121,81,0.819059,PB.4049.1,-,78308106,78309065,PB.4049,11788
79452565,C,A,0.934923,166,2e-06,65,0.93492097,PB.4096.2,-,79451952,79452671,PB.4096,116673
79452565,C,A,0.934923,166,2e-06,65,0.93492097,PB.4096.1,-,79451952,79452877,PB.4096,116673
