rho,seq_length,rep,seed,num_trees,wall_s,pi_i_over_pi_s,dxy_over_pi_i,pi_i,pi_s,dxy,fst
200,2938,0,100000,365,0.46,0.6900376457181008,1.876726197519875,0.006453141378897229,0.009351868581288263,0.01211077948207596,0.34748172140459577
200,2938,1,100001,325,0.47,0.7250399879738259,1.9278987858997207,0.00552463701422024,0.0076197687104944635,0.01065094099225186,0.3829462704620775
200,2938,2,100002,327,0.42,0.6537189358678507,1.9001203931414428,0.005532486810138738,0.008463097069069956,0.010512391012730665,0.33432918057082206
200,2938,3,100003,297,0.25,0.7085108824562518,1.8889292805751547,0.005714651860594857,0.008065722068775306,0.010794573227770913,0.3616989926976567
200,2938,4,100004,310,0.38,0.6933526376747248,1.9207669942256245,0.005885457122415119,0.008488403739478073,0.011304591786665081,0.3642467975336966
200,2938,5,100005,312,0.27,0.6434430235780393,2.1081572497073933,0.005472129981057726,0.008504451490713917,0.011536110490908026,0.39422470499103535
200,2938,6,100006,315,0.37,0.6416453070323757,1.9649776749792986,0.005812452420462561,0.009058668951145746,0.01142133924308832,0.3489764617311564
200,2938,7,100007,321,0.26,0.6161371340883095,2.070773686983955,0.005171106382047773,0.008392784813561668,0.010708191028539326,0.3666581423762828
200,2938,8,100008,311,0.36,0.7159440851704029,1.9413062869209434,0.005879930481491607,0.00821283477758199,0.011414746010377747,0.3826947508835885
200,2938,9,100009,294,0.37,0.7191912905736877,1.8165165756571644,0.0058834979921146115,0.008180713628249637,0.010687471625521836,0.34202344047498057
200,2938,10,100010,314,0.4,0.6745919863285821,1.9449313104520287,0.0056223329302868075,0.008334419981603912,0.010935051353900315,0.3618341395848762
200,2938,11,100011,286,0.34,0.7292193760878566,1.9495522975009212,0.0055969797706901655,0.00767530314501111,0.010911604771015191,0.39182717875940576
200,2938,12,100012,334,0.26,0.6815078951934427,1.9933392340969343,0.005212270397571113,0.0076481438209775035,0.010389823082200525,0.381105235536656
200,2938,13,100013,336,0.5,0.7084294766616129,1.9830861542209512,0.0054361510421155924,0.007673524636118739,0.010780355863873227,0.39196461398055304
200,2938,14,100014,312,0.37,0.6949286195787976,1.991407277232093,0.005839469692539591,0.008402977698744003,0.011628762440899594,0.3876198149344168
200,2938,15,100015,315,0.43,0.5976897647212402,2.089175583082447,0.00539829290769171,0.009031931323450803,0.011277981733076667,0.36024793386476317
200,2938,16,100016,315,0.26,0.5968644670829344,2.1466172818266096,0.005410109235670424,0.009064217312367983,0.011613433981859881,0.37682831061651423
200,2938,17,100017,336,0.33,0.6206436477700447,2.033583389545391,0.005112423679175801,0.008237293167415146,0.010396539874290445,0.357973084891282
200,2938,18,100018,319,0.35,0.598907537388103,2.198654879753497,0.005502064714815706,0.009186834980923387,0.012097141433949084,0.3928772439364654
200,2938,19,100019,284,0.31,0.6800670712875873,1.870841400245646,0.005899622456938111,0.008675059719871769,0.011037257938258754,0.33975076697767237
200,2938,20,100020,316,0.25,0.6695092748932984,2.12057286209382,0.0056696486204584175,0.008468364566513295,0.012022903002151784,0.41203829123293345
200,2938,21,100021,362,0.27,0.7171771384542519,1.9082174010420647,0.005741582244775796,0.00800580768253539,0.010956187148995334,0.3726197928002809
200,2938,22,100022,281,0.23,0.6698419754534362,1.966221141792156,0.005535790084614764,0.008264322463320428,0.010884587500892936,0.36607094449821476
200,2938,23,100023,331,0.23,0.680886528061777,2.0501961190625666,0.005243349454231614,0.007700768392579921,0.01074989470195448,0.39794210986745226
200,2938,24,100024,316,0.25,0.6045490400956486,2.1692745127215782,0.005515141134156674,0.009122735739162032,0.011963855096388452,0.3882458139376217
200,2938,25,100025,284,0.18,0.677006302909686,1.8484357561004756,0.0057343113641471375,0.008470100410441979,0.010599506162102864,0.32994936002890796
200,2938,26,100026,280,0.21,0.6927439995674413,1.7857651203540672,0.005615738110598893,0.008106512815853239,0.010028389242950554,0.31582976119030415
200,2938,27,100027,315,0.23,0.6117791826971665,2.1204556274253643,0.005385906422457042,0.008803677167817412,0.011420575582285446,0.37877108346955646
200,2938,28,100028,342,0.22,0.6840388454337233,1.9732022825616224,0.005716620216344604,0.008357157279159944,0.01128004805942909,0.37616500296112854
200,2938,29,100029,311,0.27,0.7203198591710943,1.8855241822693158,0.005799330322392239,0.008051048778615932,0.010934777563838274,0.366682174367593
200,2938,30,100030,315,0.2,0.6356414368655419,2.134755448199032,0.005179465453447588,0.008148407503117528,0.011056892095505907,0.3973047380112241
200,2938,31,100031,353,0.29,0.6802645325532681,1.9326478215040555,0.005758117264827849,0.00846452664997195,0.011128412787834432,0.36097608050862495
200,2938,32,100032,316,0.27,0.6826961236130449,1.9350668075062138,0.006697028362408876,0.009809676854419611,0.012959197293025112,0.36312779088127956
200,2938,33,100033,313,0.24,0.694749981521672,1.9441911054228056,0.005920455987889598,0.008521707298102196,0.011510497871702146,0.3726525365381037
200,2938,34,100034,334,0.21,0.6139843254269971,2.131265967075352,0.005684607363510373,0.009258554539738449,0.012115410210035604,0.38329938300929767
200,2938,35,100035,335,0.31,0.6512144337125152,1.9832930252946543,0.0053141639800058284,0.00816039034901339,0.010539544356817641,0.3607620086392527
200,2938,36,100036,340,0.24,0.6956767533661773,1.956721145085129,0.005799567043483205,0.008336583068818655,0.011348135466322433,0.37715979183305726
200,2938,37,100037,294,0.29,0.6678267816752671,1.9493441538601968,0.005392463219319654,0.008074643556211491,0.010511766651486903,0.359427048657601
200,2938,38,100038,350,0.29,0.7256312743271629,1.9221316623215798,0.00634950068902738,0.008750312884343244,0.012204576314312215,0.3813872278522612
200,2938,39,100039,312,0.21,0.648318466958716,2.0413008166171513,0.00551272999749057,0.008503120423749419,0.011253140245667368,0.37724714545185256
200,2938,40,100040,369,0.38,0.6735867968278819,1.8895681577798549,0.006100471459828527,0.009056696907595932,0.011527256617936773,0.34255092647805596
200,2938,41,100041,312,0.24,0.6601934767889155,1.9624477193379681,0.005669803005021242,0.008588093042964215,0.011126691976299495,0.359293126907997
200,2938,42,100042,321,0.22,0.7037883491463591,1.9768005948198604,0.006140339176431218,0.00872469568994567,0.012138226136364923,0.3876768030444451
200,2938,43,100043,346,0.24,0.5993077146724305,2.0152135418831625,0.005391432167586484,0.0089961000594383,0.010864887114264773,0.33788855439947263
200,2938,44,100044,339,0.24,0.6813171004699716,1.9371958301960708,0.006035513169961904,0.00885859633612398,0.01169197094594367,0.36306249925923983
200,2938,45,100045,337,0.27,0.6844625710401976,1.9876800176122864,0.005784484421126232,0.008451133291825416,0.011497704096062185,0.3809365072359462
200,2938,46,100046,312,0.22,0.6866546652953989,1.8750217945061092,0.005787004282592918,0.008427823438880079,0.010850759154761911,0.3449846449114693
200,2938,47,100047,317,0.26,0.6935711781448414,1.964087461143175,0.005768588823506532,0.008317226847482774,0.011330012976739839,0.3783848394566254
200,2938,48,100048,338,0.26,0.67319165925012,1.9976998083138127,0.0058703668595931876,0.008720201415050644,0.011727230750141069,0.37791928096629646
200,2938,49,100049,359,0.27,0.6656273628591042,2.052823780939765,0.005784521563134989,0.008690330184577193,0.011874603426162367,0.3905122037245936
200,2938,50,100050,315,0.22,0.6325512232579872,2.0568802686923098,0.005714646615266286,0.009034282766591942,0.011754343865490516,0.3726179210581251
200,2938,51,100051,305,0.22,0.6302090970945396,2.1793327448196815,0.005442954591154595,0.008636743925545207,0.01186200916906983,0.4065213440648574
200,2938,52,100052,312,0.21,0.6468414689176888,2.0792228188172777,0.0054442704815444885,0.008416699830105168,0.01131985141704063,0.38775829288785146
200,2938,53,100053,300,0.24,0.6816927230305938,1.951409590823195,0.00560168454273528,0.008217316033288331,0.01093118094145967,0.3679090735928151
200,2938,54,100054,324,0.28,0.6452306763247827,2.074899033823328,0.005532761254815245,0.008574857733562376,0.011479920981991295,0.3855524349641243
200,2938,55,100055,330,0.24,0.7086500440663783,1.8725052924110706,0.005856911290954484,0.008264885242010758,0.010967097389494427,0.3561743809035216
200,2938,56,100056,344,0.25,0.6130960799801233,1.970316280331357,0.005856383459984688,0.009552146313143208,0.011538927675071113,0.3323240162768013
200,2938,57,100057,302,0.19,0.6705016230096986,2.0049605477768657,0.005301882889595329,0.007907337890990665,0.010630066022571842,0.37868585422999335
200,2938,58,100058,328,0.22,0.695729210686175,1.8763020014544929,0.005821326250951338,0.00836722989568018,0.010922566095779575,0.3504934636141087
200,2938,59,100059,317,0.25,0.6531092556101828,2.0653631672764794,0.005333131971055275,0.008165757758359541,0.011014854339242177,0.3872415688093638
200,2938,60,100060,308,0.18,0.6355967177548615,1.9600950854001746,0.0054088122991000605,0.008509817857785327,0.010601786405318048,0.3435714687713596
200,2938,61,100061,321,0.23,0.7286926833884207,1.7514686508350625,0.00579912649974239,0.007958260912922102,0.010156988266525661,0.32276246404632314
200,2938,62,100062,344,0.27,0.6314542913514346,2.068554390444864,0.0054522673368495875,0.008634460817711253,0.011278311537519342,0.37549481109389504
200,2938,63,100063,337,0.24,0.6763366579704982,1.8881498123953333,0.005991329816032225,0.00885850226425782,0.011312528268139813,0.34365547080609005
200,2938,64,100064,296,0.21,0.5895792266845071,2.1436314327430366,0.005499360940011594,0.009327602960058811,0.011788602971008144,0.37113142513432085
200,2938,65,100065,295,0.19,0.6920174012639797,2.0015836879896236,0.0062255804315910065,0.008996277290455261,0.01246102024013996,0.38922104977355776
200,2938,66,100066,328,0.22,0.6787380037259823,1.824805857098363,0.005440351912397092,0.008015393100919472,0.009927586034418494,0.3223052932169965
200,2938,67,100067,305,0.21,0.7389973438076388,1.8396273668365477,0.006343010715797644,0.008583265919625188,0.011668776100918826,0.36041807185556063
200,2938,68,100068,310,0.2,0.7173907855062573,1.9069693048723444,0.005863297300588747,0.008173086996721127,0.011181127977563618,0.37231805567936893
200,2938,69,100069,313,0.25,0.7040543209785908,1.9420604002229775,0.005683487402794139,0.008072512636375064,0.011037675820132637,0.3768615665411027
200,2938,70,100070,335,0.25,0.5913695348518269,2.3100932672117733,0.005189720783385409,0.008775766213059557,0.011988739040407643,0.41755813729138813
200,2938,71,100071,332,0.26,0.6023549100598641,2.1615234278481292,0.004955556503539217,0.008226971210455838,0.010711551480425179,0.3846583411336135
200,2938,72,100072,294,0.2,0.5883085866850585,2.100253949943413,0.004999317719760452,0.008497781322435052,0.010499836787948988,0.3572710074081068
200,2938,73,100073,300,0.22,0.5924290018866122,2.028307616831248,0.005572399689682412,0.009406021096092355,0.01130254073461092,0.3373870027334882
200,2938,74,100074,303,0.21,0.6621001727956398,1.9477430180578907,0.0056038172715008145,0.008463700058919117,0.010914795965037931,0.35557579933327477
200,2938,75,100075,336,0.27,0.6666559780049688,2.007451459700209,0.0063627191509888475,0.009544231749079769,0.012772849847315037,0.37731394754427516
200,2938,76,100076,300,0.25,0.7289597951309725,1.7825917352770053,0.005795092429270327,0.007949810768684602,0.010330283869583628,0.33472771070574026
200,2938,77,100077,324,0.24,0.678277451848038,1.95982518869876,0.005741881652443987,0.008465387780177018,0.011253084292986985,0.3687388691527401
200,2938,78,100078,317,0.21,0.7021067872531992,1.9825492729435041,0.005259678839236047,0.007491280435862332,0.01042757245864376,0.38859406992043066
200,2938,79,100079,309,0.23,0.7083393341773482,1.997882785554571,0.005910224522075829,0.008343775697476763,0.01180793583141779,0.3964228624267049
200,2938,80,100080,315,0.22,0.6445955752133533,2.109318145155031,0.005960128187843053,0.009246306392764678,0.012571806534067326,0.3952168075685448
200,2938,81,100081,320,0.2,0.646047440407104,2.028030198640749,0.005692528988166981,0.008811317299825316,0.011544620694640505,0.3718353044407259
200,2938,82,100082,306,0.24,0.7311623326780553,1.945352547496528,0.005591413293813798,0.007647293964575448,0.010877270095226625,0.39145083543531234
200,2938,83,100083,319,0.28,0.6939794918173775,1.9078478353431132,0.005907836605808688,0.008512984426005704,0.01127125327995291,0.36028316134713634
200,2938,84,100084,303,0.24,0.6239505094387985,2.097494562166632,0.00529184208722582,0.008481188823750582,0.011099610001800679,0.3795714034663372
200,2938,85,100085,317,0.24,0.7042573558373255,1.9533106356043772,0.005580099004580366,0.007923380506187142,0.010899666733372228,0.3805553948992305
200,2938,86,100086,306,0.21,0.7592468121953426,1.8491738561308317,0.0062272493226908365,0.008201877469442256,0.011515266643128325,0.37347839006647765
200,2938,87,100087,318,0.24,0.625650089820995,2.106959325085265,0.005442615903160294,0.008699137092296244,0.011467370330020946,0.38339163258579845
200,2938,88,100088,305,0.21,0.7285237125591014,1.869234755198977,0.006424079707220858,0.008817941813664309,0.012008113058905697,0.36534485284592344
200,2938,89,100089,314,0.23,0.5892867037502547,2.089381783210318,0.005603725157677641,0.009509335815682264,0.01170832126256903,0.35460171298529053
200,2938,90,100090,339,0.24,0.7427826136422181,1.8202974915780377,0.006734754135103596,0.009066924846396011,0.012259256058523892,0.3555204775043156
200,2938,91,100091,307,0.2,0.6280846610973394,2.09090636528356,0.005443146435507411,0.008666262325205617,0.011381109529172966,0.3801391364986574
200,2938,92,100092,322,0.29,0.6713266327476087,1.9678652128719527,0.005479283226301626,0.008161873757154532,0.010782490852511768,0.367439436302491
200,2938,93,100093,304,0.21,0.6767470576295025,2.0186340294891374,0.006002862466054758,0.008870171504079349,0.012117582448321215,0.3863035785576753
200,2938,94,100094,308,0.23,0.7131065932253221,1.884728675840141,0.005473521481720486,0.007675600721855903,0.010316102894425618,0.3626894604414225
200,2938,95,100095,311,0.26,0.6680046240352643,1.9132779311035049,0.006152258364644889,0.009209903858869259,0.011770980155522005,0.3474561157803224
200,2938,96,100096,330,0.26,0.6916642453178098,1.9397128283896927,0.00589240842232854,0.00851917453044152,0.01142958020690214,0.36954889454001394
200,2938,97,100097,302,0.24,0.7013353224763342,1.8956079055671102,0.005814125398575202,0.008290079242046722,0.011021302069497679,0.36013891318447655
200,2938,98,100098,305,0.24,0.6689187804445866,2.086532688169063,0.005796819868440474,0.008665954728596059,0.012095254142928938,0.4021301898194639
200,2938,99,100099,333,0.3,0.6141363850511395,2.039556849265784,0.005544705165674313,0.009028458988328141,0.011308741397810419,0.3556681667146404
200,2938,100,100100,309,0.18,0.7478083712399957,1.7956400718268537,0.006140748066374417,0.008211659968705612,0.01102657329897517,0.34919001370924696
200,2938,101,100101,359,0.29,0.6926074012636366,1.917216502142674,0.005944057893664588,0.008582146079900205,0.01139604588342517,0.3626647294088101
200,2938,102,100102,302,0.21,0.7675803887590281,1.799016371484542,0.005628345346960673,0.007332580964008473,0.010125485423551095,0.3599849405331702
200,2938,103,100103,324,0.29,0.7352517573632893,1.75336852509386,0.006270742411950108,0.0085287010185978,0.010994922374084474,0.3269873616647416
200,2938,104,100104,352,0.23,0.6916715990808016,1.915517399703105,0.005637820457568628,0.008151007595311158,0.010799343182874828,0.3615895050568646
200,2938,105,100105,331,0.26,0.6098591995733875,2.0492778627089416,0.005739820611600734,0.009411714401645312,0.011762487315273882,0.3559383059409805
200,2938,106,100106,303,0.21,0.6728778497845304,1.9345000252484879,0.005779959046118044,0.00858990832878346,0.011181330920650582,0.3574169534522015
200,2938,107,100107,306,0.21,0.6527600724017141,1.9548808846846248,0.0057272114029828895,0.00877383842107658,0.011196016094239062,0.3524013496407431
200,2938,108,100108,305,0.23,0.6488429701141868,1.9448162232483017,0.00550651715786585,0.008486671523769123,0.010709163902212633,0.3466722141238392
200,2938,109,100109,324,0.25,0.6430989555702256,1.9685866526023639,0.0058995321876132815,0.009173599391686557,0.01161374032113353,0.35106472322825866
200,2938,110,100110,319,0.18,0.6624267376191679,1.9657946648360032,0.005858091612492246,0.00884338037674453,0.011515805237957796,0.36168284868267175
200,2938,111,100111,332,0.25,0.6934125620823213,1.9873277040789048,0.005413090665377241,0.0078064502453225005,0.010757585043995103,0.38557116413042414
200,2938,112,100112,315,0.21,0.6908994599139854,1.9467136186238214,0.005816951670795479,0.008419389518005513,0.011323939036414151,0.3714050763156932
200,2938,113,100113,329,0.25,0.6674603604919609,1.8351780122604961,0.005903124763034213,0.008844157814380518,0.01083328476875084,0.3193531374734089
200,2938,114,100114,302,0.21,0.6860410149519007,1.8770552826799698,0.005722664549735424,0.00834157787218691,0.01074175772408627,0.34534725213611683
200,2938,115,100115,324,0.21,0.6854577307196883,1.820597998806049,0.00565259541091475,0.008246453658024797,0.01029110389317165,0.32470562860793584
200,2938,116,100116,332,0.22,0.6545627539520709,2.0503941634747367,0.005981905824100122,0.009138781252038878,0.012265264788190426,0.38359720163979216
200,2938,117,100117,312,0.17,0.712248052240395,1.9204824910647715,0.006217706047969143,0.008729691893731665,0.011940995599712276,0.37411425132503295
200,2938,118,100118,330,0.31,0.6848042212243389,1.9916114734494321,0.005656603596600252,0.008260176297521935,0.011265756623744386,0.38234153466486465
200,2938,119,100119,304,0.2,0.6926168663413,2.0646723179967283,0.00586628910393387,0.008469746246466868,0.012111964722258095,0.4081870415269836
500,7344,0,101000,744,0.81,0.6652819917720175,1.9618625577583781,0.005800261885994756,0.008718501263720395,0.011379316619326106,0.3620546982119668
500,7344,1,101001,818,0.79,0.6963076820262918,1.9183679322644263,0.0058974748138268295,0.008469639163917981,0.011313526564182507,0.36504705689074635
500,7344,2,101002,796,0.55,0.6787369578186261,1.9521854574630193,0.006137774303230152,0.009042935164391483,0.01198207373595612,0.36652411752120306
500,7344,3,101003,780,0.76,0.7272633673190846,1.8107369695328004,0.006049488361305551,0.008318153550901123,0.01095403222257436,0.34418478874850045
500,7344,4,101004,781,0.69,0.6544785262677796,1.9832477670949242,0.0054721270500678815,0.008361049034371165,0.01085258375330686,0.36267821567265135
500,7344,5,101005,828,0.66,0.6714811235346084,2.0387862002503137,0.0057342318247547725,0.008539676878138225,0.011690872713346205,0.389527666031381
500,7344,6,101006,719,0.63,0.7485753720038958,1.7561069774178462,0.006439702347243605,0.008602610489315017,0.011308806224488576,0.33492923399883934
500,7344,7,101007,843,0.8,0.740491534898332,1.7796735453542196,0.006201401515213986,0.008374709531372869,0.011036470220745904,0.33963890831747634
500,7344,8,101008,846,0.79,0.6392888085392827,2.030828361693597,0.005695168801119378,0.00890860081554114,0.011565910325945753,0.3686718466120237
500,7344,9,101009,768,0.64,0.6888103540605187,1.8625580008934215,0.006197486441631836,0.00899737700674477,0.011543177957289876,0.3418249504340104
500,7344,10,101010,851,1.01,0.6806288265560454,1.8968023503784726,0.006190384717861121,0.009095096293796753,0.011741936282585953,0.34910730888877217
500,7344,11,101011,781,0.73,0.7686311765124034,1.7469513534533356,0.0067800961617381335,0.00882100072040042,0.011844498166292199,0.34142009804446105
500,7344,12,101012,803,0.82,0.741398543851854,1.8144133775996112,0.005921436584539886,0.007986846796023793,0.01074393375359692,0.3527378472569519
500,7344,13,101013,778,0.63,0.6513107204246718,1.9982246736558251,0.006153525825835602,0.009447911162621952,0.012296127135163037,0.3655954912891891
500,7344,14,101014,856,1.27,0.6636302705858184,1.94793920760183,0.005778474267348666,0.008707369936949575,0.011256116585486727,0.3565345519352642
500,7344,15,101015,834,0.84,0.7044849038830218,1.9906146143402756,0.005616228011008599,0.007972105548398185,0.011179745556180936,0.3922789435983982
500,7344,16,101016,775,0.58,0.6690115004248111,2.0435496415162397,0.005521851960277256,0.008253747441966204,0.011284178593930331,0.38960557529401185
500,7344,17,101017,747,0.73,0.6824207629549354,1.961849812975024,0.005621020121591774,0.00823688320568137,0.011027597274273668,0.37167168048463695
500,7344,18,101018,802,0.64,0.6801143744785278,1.9406329031274787,0.00630244679285602,0.00926674546128858,0.012230735616426645,0.3635218378347498
500,7344,19,101019,758,0.57,0.6441729969308317,2.074057311741964,0.005905877420536929,0.009168154282584861,0.012249128246316389,0.38468961219118103
500,7344,20,101020,790,0.55,0.6719666285392674,1.9114955717826092,0.005355195695674748,0.007969436975339035,0.01023643285831157,0.3491564466133962
500,7344,21,101021,829,0.92,0.6841869525114442,1.9620651321864835,0.005754254742900055,0.008410354394771662,0.011290222592762897,0.37270461138864885
500,7344,22,101022,779,0.65,0.6893014789270336,1.8593619017596745,0.005692966895317864,0.0082590376915766,0.010585285753133094,0.3409717549304293
500,7344,23,101023,761,0.7,0.621043197767781,2.048169670626186,0.005570809943489036,0.00897008446998893,0.011409963967077021,0.36279840780237715
500,7344,24,101024,778,0.52,0.6762372900356198,1.9472908737237369,0.005792022892516041,0.008565074682898594,0.011278753318995447,0.36353348772888294
500,7344,25,101025,768,0.76,0.6867947184514769,1.974164532096928,0.006030398809893782,0.008780496774189796,0.011904999444891831,0.377954797367143
500,7344,26,101026,821,0.57,0.608270560991764,2.118859456457034,0.005560989942342284,0.009142296699802934,0.011782956126594404,0.3760781893705112
500,7344,27,101027,769,0.63,0.6585431817083597,1.9418814350711444,0.005379201336908721,0.00816833502543336,0.010445771211652926,0.3515301030512261
500,7344,28,101028,778,0.68,0.6672851973733281,1.9495731844107853,0.005570990899724894,0.008348740421118729,0.010861054468700167,0.35919061261693896
500,7344,29,101029,801,0.78,0.7017010105328138,1.8439251949264277,0.005882134973215168,0.008382679923388967,0.010846216877069336,0.3424059716728387
500,7344,30,101030,819,0.72,0.7176907581388546,1.861682237650585,0.00601051699412991,0.008374800603140872,0.01118967272706864,0.35720561502787995
500,7344,31,101031,783,0.67,0.6486940541133717,2.066112995338796,0.005512525873378307,0.008497882535570286,0.011389501344128267,0.3849419748226508
500,7344,32,101032,791,0.61,0.610370555607714,2.1745004611989422,0.005356573409016341,0.008775936781031451,0.011647871348352023,0.39334365192626797
500,7344,33,101033,779,0.62,0.7284705605326699,1.8559950459139782,0.006184850551321693,0.00849018599571028,0.0114790519829714,0.3607905701271473
500,7344,34,101034,842,0.79,0.6535283859510118,2.034042530497983,0.005679012647737824,0.008689771966788785,0.011551353256734693,0.3780475631221263
500,7344,35,101035,791,0.7,0.6614842587864889,1.9301267989097877,0.005489044786882403,0.008298073180081727,0.010594552443577791,0.34932985416851614
500,7344,36,101036,769,0.63,0.6769116022862454,1.8922100147232785,0.006137899612663481,0.009067505405333487,0.011614195116447972,0.345395661707838
500,7344,37,101037,812,0.8,0.7054007920474213,1.9012604239538946,0.006189296837202601,0.008774156347681729,0.011767465128676316,0.3642023570386599
500,7344,38,101038,765,0.59,0.6594236033852279,2.0432984089185737,0.005488184997056092,0.00832270026259578,0.0112139996723355,0.3842123388980121
500,7344,39,101039,790,0.8,0.6520710047122229,2.0032222139669362,0.0056590176711132254,0.008678529838342847,0.011336269908005452,0.36762499367930634
500,7344,40,101040,765,0.61,0.6849013256680232,1.923770999783735,0.005756679444232695,0.008405122356301293,0.011074532969866007,0.3606140394783016
500,7344,41,101041,793,0.77,0.7044382922458894,1.9110781998078659,0.006274672984813915,0.008907342280910098,0.011991390752201224,0.36696186541427256
500,7344,42,101042,758,0.67,0.6617941935515373,1.984417216725147,0.005265911049743491,0.007957022139290509,0.010449764548854176,0.3673095155773676
500,7344,43,101043,806,0.75,0.7189747578120517,1.8269371445319886,0.0060744227239801435,0.008448728773824446,0.011097588506028508,0.345661830499697
500,7344,44,101044,743,0.8,0.6607277664232761,1.963174059584605,0.0060069043681780215,0.009091345442761176,0.011792598834012543,0.35984213389026665
500,7344,45,101045,787,0.78,0.6215071412794448,2.0538387540955836,0.005791382176309511,0.00931828742045872,0.011894565153482894,0.36484985361806566
500,7344,46,101046,836,0.61,0.6807551029985349,1.995025415498641,0.0059344067869483135,0.008717388618622056,0.011839292365869515,0.38122165781593587
500,7344,47,101047,791,0.85,0.6747294569197394,1.8970013049107524,0.005602285023281812,0.008303009400030117,0.010627541999647562,0.3457897214721397
500,7344,48,101048,780,0.6,0.6659318940798172,1.9284542749647617,0.00541137604149532,0.008126020227598115,0.01043559126066354,0.3513833605134574
500,7344,49,101049,752,0.52,0.648727808788834,2.0316723592959467,0.005793288092277198,0.008930229310029406,0.011770063286517928,0.37453533409749284
500,7344,50,101050,783,0.57,0.6707961225693931,1.971972561557053,0.006205564296759027,0.009251043779128387,0.01223720252218689,0.3684582710850981
500,7344,51,101051,819,1.1,0.6718975214062218,1.9928472247178595,0.005522507618701973,0.008219270711318975,0.01100551398141346,0.37568666246626026
500,7344,52,101052,807,0.75,0.661381467821507,1.9280018862571247,0.006103460152591927,0.009228350731833816,0.011767482686892433,0.3485517976795689
500,7344,53,101053,761,0.72,0.6600253849460349,2.0084956467382646,0.005626695095348843,0.008524967711369,0.011301192604531695,0.37388630997036854
500,7344,54,101054,779,0.61,0.706770547055698,1.8611050081489253,0.005774213975901193,0.008169856539658758,0.010746418548673227,0.3512224350650519
500,7344,55,101055,773,0.58,0.7130508240561216,1.8797929416516912,0.0060991024418044475,0.008553531159406401,0.011465049720514596,0.3609869142131735
500,7344,56,101056,764,0.63,0.7023985854351794,1.940530213137676,0.0060541291689717456,0.008619221756007435,0.011748220566627762,0.37550751444603425
500,7344,57,101057,737,0.69,0.723547683188066,1.8557364740764288,0.0060863830396823745,0.00841186169357188,0.011294723001938747,0.3581850245125259
500,7344,58,101058,793,0.83,0.6975457364140113,1.834035755754349,0.0056944720791184305,0.008163582374387298,0.01044386540324801,0.3365457175847979
500,7344,59,101059,778,0.76,0.7202784744661451,1.8961537405992674,0.0059556854110289275,0.008268587250845102,0.011292895169954987,0.37021142728225964
500,7344,60,101060,831,0.74,0.7034081329231955,1.9105664538114466,0.006150106020701263,0.008743296718994275,0.01175018625053564,0.36624822695824877
500,7344,61,101061,786,0.7,0.6578901054449686,2.0355786526185,0.0054116529497139874,0.0082257703907156,0.011015845219817728,0.3810087620015036
500,7344,62,101062,826,0.9,0.7058620398420157,1.8751435392696607,0.0059447517266054215,0.008421973970913581,0.011147262792706317,0.3555940160072665
500,7344,63,101063,792,0.75,0.6358158862508148,2.0677653046290243,0.005808896498462171,0.00913612985154431,0.012011434637701103,0.3778833752673675
500,7344,64,101064,793,0.78,0.6859700578060551,2.000399253323516,0.006114928602898041,0.008914279177804754,0.012232298611363853,0.3856752414979224
500,7344,65,101065,736,0.64,0.6804951305592506,1.9361375989675558,0.005613844015048408,0.0082496461222798,0.010869174472274206,0.3622565277293094
500,7344,66,101066,775,0.79,0.6794347308645348,1.9259845826640465,0.0056274794041610504,0.008282590142250254,0.010838438571673638,0.3582991934481502
500,7344,67,101067,749,0.53,0.6569527741438885,1.9566403368073502,0.005689025191395629,0.008659717129300979,0.011131376166597843,0.3554821027541418
500,7344,68,101068,773,0.69,0.6512704029822678,1.9775427732903896,0.005470036974217264,0.008399025887203104,0.01081723208799458,0.3589366138860588
500,7344,69,101069,812,0.8,0.7059920820091717,1.878073209894451,0.006252772410252228,0.008856717475439048,0.011743164351261865,0.3566687208943099
500,7344,70,101070,766,0.64,0.6989439850178981,1.8786529700783619,0.005919155608821778,0.008468712422884939,0.011120039264869028,0.3530657721164001
500,7344,71,101071,821,0.88,0.6644064303015256,1.9264240710423486,0.005656669687557886,0.008513869567744456,0.010897144648047113,0.34980493913871946
500,7344,72,101072,807,0.52,0.6923828596982576,1.972118742440805,0.0060144740595262786,0.008686630489592713,0.011861257018715808,0.3802889303417756
500,7344,73,101073,828,0.71,0.6314742447020112,2.0868189303373006,0.0055658360054639255,0.008814034859157889,0.011614891939355063,0.3809726797415094
500,7344,74,101074,817,0.83,0.669157586884252,1.9701765771057536,0.0059574754109931955,0.008902948315556786,0.011737278513422267,0.3669561598305683
500,7344,75,101075,781,0.71,0.6876243759229272,1.9689196414711647,0.005814447767613453,0.008455848819799792,0.011448180413962294,0.37674389853215995
500,7344,76,101076,797,0.61,0.6053863919661269,2.2061152986020693,0.005233370235309715,0.008644677688101282,0.011545418139365474,0.39898028135974795
500,7344,77,101077,794,0.62,0.6288234534426714,2.1240124793238624,0.005391352545004401,0.00857371415695124,0.011451300086023814,0.3902409946011348
500,7344,78,101078,779,0.88,0.6745222069512736,2.0091382479837185,0.005870379198618305,0.008703018430114298,0.011794403378112047,0.38219013028765025
500,7344,79,101079,798,0.73,0.686306472907288,1.9561273511162516,0.00593614504793711,0.008649408511026843,0.011611855688463074,0.37195423581368703
500,7344,80,101080,828,0.92,0.694360912657566,1.9123368496154387,0.005783596655472968,0.00832938108992496,0.011060185007573563,0.36199178694868406
500,7344,81,101081,824,0.71,0.6733978464482445,1.9477311678241676,0.005646818846653281,0.008385561190070244,0.010998485066683513,0.36207668821453187
500,7344,82,101082,818,0.58,0.6904099925517999,1.9071616433410885,0.005786050805615562,0.008380601190648972,0.011034934162892805,0.35809984059973987
500,7344,83,101083,801,0.77,0.6456949855609934,1.9857008757903334,0.005622310339100134,0.008707378041995097,0.011164226564316183,0.35823192504455703
500,7344,84,101084,792,0.78,0.6403209784048226,2.095973919393457,0.005288424928856879,0.008259021814389846,0.011084400725554217,0.38889584206324523
500,7344,85,101085,784,0.71,0.6372799321175868,2.018386126950355,0.005609328729419023,0.008801985511735878,0.011321791288963419,0.3635585627159911
500,7344,86,101086,802,0.83,0.6539990537450425,2.0194797105904616,0.0056363471978733825,0.008618280356213906,0.011382488807948697,0.3738352044707085
500,7344,87,101087,756,0.86,0.6460735705694765,2.0481078098071666,0.005729209380791911,0.008867735257676528,0.011734038476820394,0.3780084892637997
500,7344,88,101088,737,0.68,0.6664598833778482,1.9655092862892165,0.00533526102053474,0.0080053745973333,0.010486505080637913,0.3639141203249908
500,7344,89,101089,799,0.84,0.7150073982522441,1.904267982170777,0.005770588796872058,0.008070670053173742,0.010988747484156847,0.3702076205681496
500,7344,90,101090,833,0.72,0.6939872529141576,1.9534943104083073,0.005770260286830772,0.0083146488103356,0.01127217063989892,0.3752352786733242
500,7344,91,101091,789,0.83,0.6262990385176355,2.056991290314001,0.005579239202044389,0.008908267231656124,0.011476446445183744,0.36881566507111596
500,7344,92,101092,757,0.73,0.6828612892406181,1.8853975000102774,0.005767752272365465,0.008446447855873548,0.010874505714996445,0.34644385221863583
500,7344,93,101093,827,0.89,0.6656791419789833,1.9528136053565621,0.005854957306293682,0.008795464567039918,0.011433640286512111,0.3593281970477845
500,7344,94,101094,820,0.57,0.6637665357343865,2.0068312713314973,0.0054551050120151025,0.008218409212178215,0.01094747532650909,0.3754946315757762
500,7344,95,101095,778,0.54,0.6419003418955883,2.004466403100748,0.0057124180105880655,0.008899228801964478,0.011450349982691392,0.3619563229665539
500,7344,96,101096,777,0.56,0.6728044412707482,1.9812756695002787,0.005496664000665561,0.008169779602351953,0.01089040664793674,0.37254668054077156
500,7344,97,101097,803,0.66,0.7419862169751283,1.825589667792287,0.005971128471131605,0.00804749243924535,0.010900830441958213,0.3569929839281738
500,7344,98,101098,801,0.64,0.7274870789658463,1.886636399839127,0.005820851604818002,0.00800131270110335,0.01098183051571164,0.3706803120779335
500,7344,99,101099,819,0.64,0.638786620867761,2.003579921630479,0.0057012337843252775,0.008925098926743997,0.011422877538795477,0.3597789759456881
500,7344,100,101100,808,0.9,0.68385305712864,1.932497222008871,0.00623346273705471,0.009115207824364716,0.01204614942285404,0.36292212462931017
500,7344,101,101101,814,0.97,0.6815797210259147,2.0082666421997497,0.005522801779319458,0.008102943219916416,0.011091258584888691,0.3857439669741224
500,7344,102,101102,796,0.55,0.6664281464456537,2.008889814343612,0.006161328873675257,0.00924530109740451,0.012377430817147423,0.3776321516685127
500,7344,103,101103,811,0.76,0.6879407342646344,1.9218464147518988,0.006002853940089235,0.008725830062244984,0.011536563323039805,0.3616520106590412
500,7344,104,101104,818,0.68,0.6671624101241699,1.9843545909197253,0.005803264446818887,0.008698428386783369,0.011515734447366279,0.3703531068780904
500,7344,105,101105,734,0.67,0.7013341263809781,1.8810727100733846,0.005623381643070712,0.008018120652546121,0.010577989747107948,0.35519401031058584
500,7344,106,101106,785,0.81,0.6571692583139814,2.031978779790235,0.005616523500504627,0.00854654022452945,0.011412656569218572,0.37950188726287826
500,7344,107,101107,806,0.7,0.6805617322588179,1.9799345889883702,0.00578594901372169,0.00850172547098386,0.01145580058239072,0.37640000007210994
500,7344,108,101108,736,0.71,0.6799805427679009,1.8965713510442839,0.005891352906024372,0.008664002181655481,0.01117337114045731,0.3486587483442297
500,7344,109,101109,804,0.88,0.6474178336891637,2.077484172425107,0.005482869368743908,0.00846882659611185,0.011390574333039907,0.38757715120707437
500,7344,110,101110,786,0.64,0.7153743134883462,1.8925115430785244,0.0064161832975807775,0.008968987530868762,0.012142700953179252,0.3664848171847084
500,7344,111,101111,834,0.77,0.681236984499748,1.9442345154268754,0.005972983918794453,0.008767850329178161,0.011612881495009853,0.365324004455446
500,7344,112,101112,777,0.95,0.7012552092513705,1.9354451825536743,0.005549625088647862,0.00791384508155369,0.010740995142802513,0.3732670953108401
500,7344,113,101113,848,0.72,0.6677772282281095,1.8936185913535906,0.006111035967115634,0.009151309312135055,0.011571971319760633,0.3405468758296927
500,7344,114,101114,831,0.76,0.6341571289201585,2.1077305913229805,0.005356359562003825,0.008446423319603177,0.011289762906960824,0.38870359832371904
500,7344,115,101115,808,0.71,0.6228633612937285,2.0323623415798346,0.005340970043303811,0.008574866295250151,0.010854786383516684,0.35899999102305813
500,7344,116,101116,743,0.68,0.7166635987273041,1.9028130233607976,0.005805540352286397,0.00810078865816017,0.011046857789977188,0.3705753584035555
500,7344,117,101117,770,0.81,0.6323635860573166,2.06158735008136,0.005586781016689049,0.008834760792476547,0.011517637071680823,0.37393661046045656
500,7344,118,101118,771,0.76,0.682801067476942,1.8855716112078345,0.005816472456928987,0.008518546226680303,0.010967375342157581,0.346469951269617
500,7344,119,101119,857,0.91,0.6507197813860714,1.996066803707667,0.005599722355806763,0.0086054281981086,0.011177419904405572,0.36456039607510793
1000,14688,0,102000,1530,1.68,0.6714195225431862,1.974463101781279,0.005608725986567226,0.008353534263231776,0.011074222508478788,0.36960539491106326
1000,14688,1,102001,1569,1.41,0.6539928763705176,2.0492249646425287,0.005758324105827567,0.008804872826420828,0.011800101512164717,0.3829206927908543
1000,14688,2,102002,1583,2.27,0.7063805694038084,1.94161799777343,0.006007502715607172,0.008504626225318682,0.011664275394295641,0.37792411228463696
1000,14688,3,102003,1581,1.44,0.6395492710728176,2.089583052539927,0.005474835452113269,0.00856045921673784,0.011440123376180654,0.38657590450143964
1000,14688,4,102004,1588,1.82,0.6628385646512664,2.053328832001076,0.005880419872968706,0.008871571731893,0.012074435669438749,0.38912293672655696
1000,14688,5,102005,1528,1.25,0.6705590571255011,1.9670637427217128,0.0056647615691858165,0.008447819038443926,0.011142947093908775,0.3667482898063701
1000,14688,6,102006,1591,2.29,0.6584305921955097,1.9303690474597537,0.005664136229015835,0.008602480346681655,0.010933873257087579,0.3475954842237835
1000,14688,7,102007,1594,1.97,0.630701693547039,2.1036859798546845,0.005548242436133419,0.008796936004611537,0.011671759825728673,0.3854749131693438
1000,14688,8,102008,1627,1.9,0.6786432982012736,2.0231799641749917,0.005773193598881065,0.008506963251803657,0.011680209618559484,0.3887028864621571
1000,14688,9,102009,1557,1.84,0.6645937884414685,1.9301958586966361,0.0058940406959657465,0.008868636449022185,0.011376652942342523,0.35118539609997956
1000,14688,10,102010,1567,1.75,0.6980704040122916,1.933836854745407,0.0058824852987596965,0.008426779397821481,0.011375766868239547,0.3710637330072323
1000,14688,11,102011,1660,2.18,0.6789425434919476,1.9432124598514804,0.005610177888253503,0.008263111425304342,0.010901767574437473,0.36371376389971777
1000,14688,12,102012,1565,1.97,0.6470307956701475,2.0559078178024466,0.005550716424903362,0.008578751524731266,0.01141176129236327,0.3809251881613559
1000,14688,13,102013,1492,2.13,0.6938315273286043,1.8869677938918354,0.00567090636232224,0.008173318938325574,0.01070081766787837,0.353123016841727
1000,14688,14,102014,1673,1.57,0.6945015313517661,1.9106592098792705,0.005951665760537128,0.008569694222204098,0.011371604999493377,0.3615078969332748
1000,14688,15,102015,1608,1.95,0.6760441544398793,1.9448572624427394,0.00601728831545677,0.008900732705014297,0.011702766880527937,0.3626284633041378
1000,14688,16,102016,1588,1.81,0.6896959934472586,1.9848694610571713,0.006032640277381292,0.008746810674118569,0.01197400345611759,0.3828525686641191
1000,14688,17,102017,1598,1.81,0.6361978100548268,2.0229080001941235,0.005672242515349938,0.008915847281620022,0.011474424763342629,0.36432151947282954
1000,14688,18,102018,1615,2.1,0.7221823639210655,1.8963691652402122,0.006138848895782271,0.00850041374930785,0.011641523756030423,0.37124800189894214
1000,14688,19,102019,1539,2.11,0.6814921095291675,1.9625893262354388,0.005750102966280163,0.008437519504448586,0.011285090706376183,0.3713997149038152
1000,14688,20,102020,1508,1.86,0.6619885994882593,2.0004331074002835,0.005683308611211531,0.008585206173648505,0.011369078705440672,0.37248588234190694
1000,14688,21,102021,1576,1.92,0.6410422135061046,2.0364152614459097,0.0054218918440438624,0.008457932613188555,0.011041223297120028,0.37145440845975797
1000,14688,22,102022,1559,2.02,0.6969493804237864,1.8917999430530954,0.005777845300266388,0.008290193610263513,0.010930527410013548,0.35647940932648625
1000,14688,23,102023,1563,2.01,0.6839212198130473,1.9223992978870266,0.005838179614941327,0.008536333492528888,0.011223312392701558,0.3596136058362832
1000,14688,24,102024,1625,1.67,0.6334241458158243,2.1158451089501424,0.005627614166897045,0.008884432657124098,0.011907159910087643,0.3906167829439049
1000,14688,25,102025,1541,1.41,0.6434400345130455,2.0300487512033425,0.005685179770948323,0.008835601557262221,0.011541192094380148,0.3709150142609067
1000,14688,26,102026,1593,1.53,0.6660231880046251,1.999060813306927,0.005558369215816279,0.008345609155844706,0.011111518085229878,0.374343889601232
1000,14688,27,102027,1571,1.61,0.6658857990638208,1.9946353099810465,0.005890141810179236,0.008845573547987174,0.011748684835379183,0.37287808956317015
1000,14688,28,102028,1576,2.29,0.6499333979733788,1.9755008181440343,0.0053999089202693,0.008308403502739337,0.010667524489895271,0.3574745276660144
1000,14688,29,102029,1669,1.73,0.6978753786394868,1.928558232029,0.005807968371351192,0.008322357471148888,0.011201005213933406,0.3692384936611418
1000,14688,30,102030,1503,1.55,0.6807993127882357,1.9558547912064412,0.005753991451386221,0.008451817361302206,0.011253971748754645,0.36885354211678956
1000,14688,31,102031,1548,1.77,0.6802974000168325,1.921513581032079,0.005843701448429039,0.008589921772866469,0.01122875169665323,0.3572917270226261
1000,14688,32,102032,1627,2.26,0.670062156129359,1.9752812577625003,0.005900227472077343,0.008805492771238184,0.01165460874212979,0.36910279149241654
1000,14688,33,102033,1542,1.88,0.6626663196331459,2.028357703812758,0.005618820197384112,0.008479109366075384,0.011396977233702784,0.38150575918632434
1000,14688,34,102034,1569,2.07,0.644194386994005,2.0243773736477224,0.005632812370491272,0.008743963754132637,0.011402937912825524,0.36960210453950015
1000,14688,35,102035,1537,1.81,0.716735999109412,1.8434198255421814,0.0060896497284889835,0.008496363704426376,0.011225781040104155,0.3503341379630175
1000,14688,36,102036,1567,2.18,0.6837993267400528,1.9132416883229848,0.005914102668191143,0.00864888635732658,0.011315107773805492,0.3564803218564526
1000,14688,37,102037,1630,2.23,0.66530425596105,1.9410028448581143,0.0058073244299662605,0.008728825011914921,0.011272033239578538,0.3552117380721683
1000,14688,38,102038,1586,2.13,0.664844903064166,1.973363790810323,0.005779220987180892,0.008692585233857353,0.011404505435193862,0.3655224111525779
1000,14688,39,102039,1639,2.27,0.6659009140959151,1.9057172275949166,0.005490951316302087,0.008245898451359058,0.010464200519361871,0.3436264078539061
1000,14688,40,102040,1529,2.32,0.6770790867448785,1.9989976361854205,0.005680505971250932,0.008389722976913228,0.01135531800886778,0.3804564109443608
1000,14688,41,102041,1604,2.14,0.6804357678512521,1.9068530827085601,0.005689999769937043,0.00836228787311621,0.010849993601915449,0.3524287590099374
1000,14688,42,102042,1548,2.02,0.6665722219023206,1.9300096142069156,0.005919469724582682,0.008880462656678365,0.01142463347945134,0.35227977300625823
1000,14688,43,102043,1541,1.92,0.6877634479431326,1.9774106973898513,0.0057817752238013675,0.008406633474187524,0.011432944177448426,0.379494534488516
1000,14688,44,102044,1684,2.28,0.6661774445409131,1.9611639294722663,0.005985598134262692,0.008984990685758783,0.011738739157232487,0.362342555725085
1000,14688,45,102045,1566,2.08,0.6622451557164752,2.0030260612637782,0.005610749600916309,0.008472315052038553,0.01123847767386071,0.3734442928284537
1000,14688,46,102046,1553,2.1,0.6244007739068059,2.1007770372812096,0.005530385748869806,0.008857109055561863,0.011618107388532934,0.3808158969750909
1000,14688,47,102047,1607,2.09,0.684313717733997,1.9312817087229786,0.005847166130587226,0.008544569514036992,0.011292524995867624,0.36277601112724056
1000,14688,48,102048,1483,1.27,0.6964369716544052,1.8979730824057006,0.005882826715709972,0.008447033909953338,0.01116544675487466,0.3582943459290102
1000,14688,49,102049,1593,1.37,0.6520830085562398,2.0267879601271996,0.006040412619157598,0.009263257192564364,0.012242635570709023,0.37498467044397765
1000,14688,50,102050,1594,1.66,0.6504421255748515,1.9721224135103337,0.005690140703553745,0.008748112214480082,0.0112216540175058,0.3566789309530427
1000,14688,51,102051,1582,2.09,0.6929706086724517,1.9295126209759557,0.005779023269073264,0.008339492608704348,0.011150698334590588,0.3669223462901622
1000,14688,52,102052,1565,1.8,0.6386923849414303,2.081157681654907,0.0056480734529465275,0.008843182705966457,0.01175453145315082,0.383588524278074
1000,14688,53,102053,1577,1.36,0.6889905005516183,1.9212972649173794,0.006142357552030394,0.00891501050756536,0.011801294764860606,0.3620459297216102
1000,14688,54,102054,1562,1.82,0.6658633716441474,1.9803647133164897,0.005779609964026191,0.008679873695042271,0.011445735629489855,0.3683462502045868
1000,14688,55,102055,1496,1.4,0.6565452778079615,1.9841855176274057,0.005479911078425099,0.008346585168841875,0.01087316019969706,0.3641914589075862
1000,14688,56,102056,1570,1.92,0.6931241060207227,1.883099520488947,0.0059730395729228536,0.008617561445401921,0.01124782795563253,0.3514036187307481
1000,14688,57,102057,1580,2.32,0.6927332526700124,1.9169550127288078,0.0060697595822892655,0.008762044493886352,0.011635456057328122,0.36264620814607407
1000,14688,58,102058,1628,1.82,0.67288692317608,1.9872431976059504,0.005766140630342567,0.008569256485362983,0.011458723744087553,0.37447671154903717
1000,14688,59,102059,1593,1.97,0.6351492995951236,2.016363904854052,0.005805652665241012,0.009140610985388523,0.0117063084783117,0.3616149925349863
1000,14688,60,102060,1620,1.5,0.6722429897935663,1.976177398919596,0.005661857011484191,0.0084223370082637,0.011188833862009508,0.37061385514136236
1000,14688,61,102061,1516,1.8,0.6411963266261425,2.0404575632443915,0.0058929243518563885,0.009190514834768123,0.012024262063372421,0.37279148162568865
1000,14688,62,102062,1651,2.07,0.6981589434462023,1.8858003801601533,0.005975060787034459,0.008558310171521675,0.011267771903669607,0.35509118027926134
1000,14688,63,102063,1602,2.01,0.6706619786141913,1.9644942560450942,0.005999493207265922,0.008945628943604128,0.011785969944855463,0.3659782681953322
1000,14688,64,102064,1595,2.13,0.7384846487348141,1.8137295371603637,0.006051992322001307,0.008195149800838372,0.010976677233081504,0.35102664402385597
1000,14688,65,102065,1493,1.78,0.6804510433731088,1.9620736200400268,0.005819504445166731,0.008552421958703276,0.011418296153567317,0.3706623908427916
1000,14688,66,102066,1674,2.46,0.681487454314781,1.9314919446253078,0.005814168639494442,0.008531585728662382,0.011230019891876601,0.3612765379634797
1000,14688,67,102067,1602,1.94,0.6898308538004597,1.9575817879406823,0.006028124494488533,0.008738554475025303,0.011800546725849884,0.3743222533424472
1000,14688,68,102068,1629,1.93,0.6810614303755748,1.9793111713056153,0.005824494149921144,0.008552083395339532,0.011528486338143122,0.37647592565147237
1000,14688,69,102069,1624,1.93,0.6302775967760571,2.080634472744992,0.005615620110934338,0.008909756811377852,0.01168405278865004,0.37841016361967184
1000,14688,70,102070,1565,1.86,0.6395228519331387,2.0411828505284775,0.005500477449158288,0.008600908368686965,0.011227480238940523,0.3720146676839786
1000,14688,71,102071,1500,1.78,0.686915967646005,1.9605079247812305,0.0057294119069640536,0.00834077554871551,0.01123255744793897,0.3736872693109945
1000,14688,72,102072,1590,2.12,0.6713605682858406,1.9217965735951152,0.0057393375747255984,0.008548815414315486,0.011029839285813354,0.35229550409593946
1000,14688,73,102073,1598,2.33,0.6807952514080704,1.9439447370272598,0.005829990729236529,0.008563500872220417,0.011333179795017067,0.36498441471009635
1000,14688,74,102074,1537,1.95,0.6558926747670702,2.0038572721267993,0.00554871020865144,0.008459783775786146,0.011118823302530398,0.3700550137688777
1000,14688,75,102075,1498,1.26,0.666874912073663,1.9387800787561833,0.005772778823706692,0.008656464232184267,0.011192148582468088,0.35538547627514483
1000,14688,76,102076,1594,2.14,0.6718590800234125,1.9411356608048302,0.005627776779924067,0.008376424383113128,0.010924278198559983,0.35903311374461333
1000,14688,77,102077,1620,1.95,0.7117608068784492,1.94735446874035,0.005951278914288998,0.008361346756910325,0.011589249588460897,0.38250420952837116
1000,14688,78,102078,1601,1.49,0.6579970264459563,2.050967699163019,0.005653993306706832,0.008592733826238978,0.011596157643339622,0.3857134590987312
1000,14688,79,102079,1572,1.84,0.7119725123660082,1.9009372852309745,0.005653898482353157,0.007941175233808214,0.010747706432015936,0.3675360504980151
1000,14688,80,102080,1489,1.47,0.6491159695201737,2.0083571044220228,0.005704318332266444,0.008787826213061858,0.011456308248492099,0.36750372672471576
1000,14688,81,102081,1577,1.72,0.6354384068920428,2.0325888920506103,0.005517575597140976,0.008683100576384233,0.011214962869798261,0.36688706247225167
1000,14688,82,102082,1488,1.74,0.6682037411484671,1.9044693466400073,0.005909149579194725,0.008843335071782815,0.011253794238287053,0.34455507455488077
1000,14688,83,102083,1653,1.88,0.6611533275502559,2.04894562085282,0.005661732409603611,0.008563418156846905,0.011600581827097804,0.3868777110290287
1000,14688,84,102084,1617,1.97,0.6533466986798501,2.0441220613473208,0.005751293738910306,0.008802820540046118,0.011756346412995274,0.3810103169948895
1000,14688,85,102085,1609,2.67,0.6751201390729663,1.9696104309615545,0.005597399604403086,0.008290968200251133,0.011024696647092398,0.3701247186553168
1000,14688,86,102086,1604,1.97,0.6993932414689856,1.9274672898169545,0.00588065850902954,0.008408228962404573,0.01133477691873818,0.3696881917538085
1000,14688,87,102087,1541,1.8,0.6937573080420661,1.8859072668285315,0.005950521489573747,0.008577237919651487,0.011222131718606468,0.35271837055975797
1000,14688,88,102088,1643,1.64,0.6552472278893233,2.0393035039748675,0.005499957224425266,0.008393713075508432,0.011216082039482333,0.3806362038443619
1000,14688,89,102089,1600,2.04,0.6357874599192783,2.0587614995854193,0.005719533306416772,0.008995983197188166,0.011775154966847345,0.37514552695756
1000,14688,90,102090,1600,1.54,0.6714809716387579,1.9554975806504895,0.006207462609117593,0.009244435615157047,0.012138678114107827,0.3635263214403833
1000,14688,91,102091,1639,2.06,0.6696743006738314,1.9975188777631334,0.005839096105340462,0.008719307429693986,0.011663704699490763,0.3759099741409748
1000,14688,92,102092,1613,2.12,0.6952829867770474,1.9319712878537347,0.005713451230157672,0.008217447196057702,0.011038223731217222,0.36897010037867894
1000,14688,93,102093,1541,1.84,0.6782358257923912,1.974635361688114,0.0057176349475225995,0.008430157668009674,0.011290244152601889,0.3734505461393477
1000,14688,94,102094,1630,1.98,0.6682465289928032,1.9705398516205852,0.005939891962980598,0.008888773387170963,0.011704793827374094,0.36655589287392465
1000,14688,95,102095,1582,2.05,0.704183440977576,1.9140233551916683,0.006014680455213712,0.008541354574972522,0.0115122388652939,0.3678017282082069
1000,14688,96,102096,1630,1.87,0.6849729790076963,1.9174012027689784,0.005954619353702807,0.00869321788770284,0.0114173943108212,0.3585297642071146
1000,14688,97,102097,1641,1.96,0.6592023616399438,2.0103957700995276,0.005926238586530214,0.008990014191980585,0.011914084986960945,0.3740076222875909
1000,14688,98,102098,1462,1.19,0.6773817832857455,1.9146587993102642,0.006038309134072285,0.008914188841604994,0.011561301716507042,0.35333847596381207
1000,14688,99,102099,1563,2.02,0.6820501476064249,1.9179037560951309,0.005896705393398458,0.00864555988161905,0.011309313422585319,0.35706683811698925
1000,14688,100,102100,1554,2.1,0.6637386752348291,1.9864517366366938,0.00554492017663107,0.00835407123845735,0.011014716314380632,0.3690717482690804
1000,14688,101,102101,1582,1.67,0.6881862741935515,1.9523473927245647,0.00569500314845378,0.008275380317817946,0.011118624548441924,0.3717575674308823
1000,14688,102,102102,1502,1.64,0.6608550501324425,1.9764991035769452,0.005672239515487087,0.008583182521417229,0.011211176317633954,0.36423165451059325
1000,14688,103,102103,1586,2.03,0.7211344372048001,1.837770342879049,0.006129094309377374,0.008499239522015407,0.011263867750482486,0.3506522734712426
1000,14688,104,102104,1522,1.67,0.6896279377392557,1.9044006796751594,0.006003535499357582,0.008705470255509695,0.011433137085430527,0.3567379781699961
1000,14688,105,102105,1623,2.07,0.6723581555158522,2.008032101033238,0.005531285412060208,0.008226694904617391,0.011106998667393758,0.38066165628225956
1000,14688,106,102106,1577,1.87,0.6668688416133993,1.9711907922970784,0.005876409601911644,0.008811942071988942,0.011583524499054372,0.36598089488653995
1000,14688,107,102107,1560,1.65,0.6943269932639611,1.9259697994418468,0.00591240119153172,0.008515297905584973,0.011387106137074082,0.36648965402442935
1000,14688,108,102108,1621,2.03,0.6770055849770129,1.913496939911212,0.005691798306322946,0.008407313665685942,0.010891238641740776,0.3527314736280819
1000,14688,109,102109,1581,1.49,0.6853210314060041,1.9337213020070085,0.005874770851738102,0.008572290331854294,0.011360169540415825,0.36413531804281596
1000,14688,110,102110,1553,1.39,0.7059123799869137,1.9284846313448694,0.005943404116082055,0.008419464347958077,0.01146176349573608,0.3734442143487213
1000,14688,111,102111,1594,1.69,0.6411488006144273,2.091011437538338,0.005345245231579499,0.008336980785828549,0.011176968915679994,0.38792770559585843
1000,14688,112,102112,1564,1.7,0.6658160313634882,2.007424616142783,0.005672059675555081,0.008518959304628908,0.011386232216940115,0.37683428943812547
1000,14688,113,102113,1582,1.99,0.6819422446807821,1.9290741221890477,0.005769297864261308,0.008460097477847149,0.01112940321314703,0.3607296334946585
1000,14688,114,102114,1616,1.81,0.6727745800026113,1.9731617863852347,0.0057051852070878345,0.008480084379920672,0.011257253434876047,0.36994979863111255
1000,14688,115,102115,1536,1.74,0.6835817558740747,1.971309347499557,0.006058967570041206,0.008863559505466604,0.011944099407018908,0.3753180308119908
1000,14688,116,102116,1551,1.95,0.7266601693915792,1.8569370114798118,0.006087039797000235,0.008376735169201326,0.011303249489400296,0.3601939433538527
1000,14688,117,102117,1662,2.07,0.6375412121569005,2.0736237584478383,0.005570745471921446,0.008737859397472913,0.011551630162842025,0.3806672881797819
1000,14688,118,102118,1592,2.22,0.6686200679236081,1.9654541410719293,0.005506794377439895,0.008236059073938928,0.010823351813170859,0.3651295047687888
1000,14688,119,102119,1547,1.8,0.6520141456135907,1.9796315744174846,0.00569788355175901,0.008738895605396575,0.011279710186416178,0.36005540397033553
2000,29377,0,103000,3142,5.2,0.6830096340699306,1.9122891835461917,0.00594420255563618,0.00870295565263956,0.011367034251950698,0.3557176883775933
2000,29377,1,103001,3226,4.89,0.7029842641210422,1.9511274433636965,0.005976771196785069,0.00850199855363472,0.011661442304753031,0.3792033021284831
2000,29377,2,103002,3080,4.67,0.6868714867591228,1.9233569612202674,0.005637450327173846,0.008207430990873012,0.01084282933030329,0.3615651000171375
2000,29377,3,103003,3180,4.58,0.6760067636393808,1.972458363855547,0.005598322631147414,0.00828145949458853,0.01104245829736851,0.3715266224259327
2000,29377,4,103004,3180,4.8,0.6701378432136433,1.9497603050082872,0.005889729699579402,0.008788833162048015,0.011483561175468303,0.3608880277929628
2000,29377,5,103005,3159,5.22,0.6464374855383459,2.0433770944035383,0.005638494357444907,0.008722412427474301,0.01152157021692652,0.37678170099500086
2000,29377,6,103006,3199,5.11,0.6743546807285463,1.9513321672569472,0.00572073782685241,0.008483277406293005,0.011163059741980712,0.3637938181174182
2000,29377,7,103007,3059,5.08,0.6690586288755282,1.965114795115229,0.005720838569636972,0.00855057886220204,0.011242104513659458,0.3652693134769003
2000,29377,8,103008,3120,4.9,0.6687105353083728,1.9872805267816924,0.005697358065356652,0.008519916712138148,0.011322248737385892,0.37215322206490764
2000,29377,9,103009,3193,4.41,0.6870013567018304,1.900352056169471,0.006119081606232611,0.008906942535905923,0.01162840931227293,0.3539088735774174
2000,29377,10,103010,3268,5.39,0.6857409099501602,1.9199569651503923,0.005923544662107596,0.008638167238028894,0.011372950832392906,0.3598094234848346
2000,29377,11,103011,3184,4.84,0.6712106368699194,1.9705025833270675,0.0056750864065888305,0.00845500070298895,0.011182772424787615,0.3682207518478522
2000,29377,12,103012,3172,4.92,0.6826965793326331,1.9609683003586629,0.005818966821852416,0.008523503702831968,0.011410809478491383,0.37154018075058626
2000,29377,13,103013,3119,4.23,0.6443827074436478,2.009699945765981,0.005676105987220939,0.008808594522560683,0.011407269894679882,0.36511099309848927
2000,29377,14,103014,3107,4.48,0.6679155352972072,1.986638805391276,0.005607195999288828,0.008395067494265954,0.011139473161621899,0.37150243595918575
2000,29377,15,103015,3185,5.15,0.6771936491638696,1.9488530950882457,0.005852592781428695,0.008642421246352335,0.011405843556378437,0.3645794826076213
2000,29377,16,103016,3274,5.03,0.6866236781841835,1.94476487634925,0.005906648319001388,0.00860245358071814,0.01148704218774124,0.3684578822560879
2000,29377,17,103017,3096,4.43,0.6889316107332917,1.9689758905590178,0.0057058984692100224,0.00828224221434218,0.01123477651985214,0.3774624417835639
2000,29377,18,103018,3189,4.94,0.6920811859977043,1.9144933280610692,0.005971867494632611,0.008628853977620511,0.011433100474538908,0.3614714790284408
2000,29377,19,103019,3136,5.26,0.6628311826976827,2.0252440930452904,0.0056157684971787645,0.00847239635637377,0.01137330197682112,0.38064755150859764
2000,29377,20,103020,3157,5.08,0.6896172657883894,1.9509776642338883,0.005734339329627809,0.008315249072356323,0.011187567951241784,0.37208924838643453
2000,29377,21,103021,3136,5.21,0.6644088011500844,1.9695491196842136,0.005604677757441255,0.008435586265172315,0.011038688143282117,0.36404290798095684
2000,29377,22,103022,3231,5.35,0.6761411778990976,1.986787641913875,0.005860690999789209,0.008667851021882025,0.011643948451457073,0.37613335878976706
2000,29377,23,103023,3337,5.85,0.6584092971748716,2.0142827667912147,0.005682209751434889,0.008630208862202185,0.011445577179608287,0.3747620417458536
2000,29377,24,103024,3164,4.19,0.6599899290963673,1.9790431740382675,0.005703004994710841,0.008641048511935893,0.011286493106288636,0.36454781075201825
2000,29377,25,103025,3206,5.09,0.7101254346701196,1.8800223065796136,0.005853171525659696,0.008242447376045218,0.011004093032476858,0.35952836548619227
2000,29377,26,103026,3248,4.32,0.6717798043045006,2.004964267390359,0.0059760069972582385,0.008895782455748652,0.011981680491177522,0.37939467406273086
2000,29377,27,103027,3119,4.76,0.6799935094418993,1.9212955917994348,0.005692323536897269,0.008371143926901905,0.01093663611853689,0.3570478476483958
2000,29377,28,103028,3095,5.08,0.6784050274539821,1.8864412786050353,0.005877835100822778,0.00866419743804373,0.011088190763025677,0.3442558461675326
2000,29377,29,103029,3193,4.71,0.6873871904278009,1.9066696413483895,0.005682464193067346,0.008266758927426067,0.010834581964970781,0.3562638980630467
2000,29377,30,103030,3204,4.56,0.6589942887920098,1.9872922430592785,0.005753453927664752,0.008730658255341334,0.0114337943612471,0.366609555612723
2000,29377,31,103031,3222,5.38,0.6589491360914378,2.0232896098915343,0.005802301163572381,0.008805385493012068,0.011739735657717559,0.3778528289526888
2000,29377,32,103032,3143,4.75,0.6845366786406172,1.9503560119775476,0.005746478882922458,0.008394698286049575,0.011207679637009839,0.3691300239223808
2000,29377,33,103033,3234,5.06,0.6899864500383914,1.9304027498227794,0.005898773545259063,0.008549115051362024,0.011387008672349961,0.36559771699728383
2000,29377,34,103034,3144,5.59,0.6480130829255565,2.0193611382362846,0.005800487876354418,0.008951189457730093,0.011713279800320825,0.3703011630576577
2000,29377,35,103035,3131,5.38,0.661842918477382,2.0132740874758412,0.00576202019836737,0.008706023797343513,0.011600525956885432,0.37640568843676225
2000,29377,36,103036,3213,5.11,0.6711540005020608,1.9541505902619407,0.005769967113717732,0.008597083693759515,0.011275384641063493,0.3629019645523087
2000,29377,37,103037,3110,4.51,0.6771051017181989,1.9544970945910718,0.005665359372531435,0.008367030994383608,0.011072928433426988,0.36636498414664986
2000,29377,38,103038,3162,4.67,0.6822913049136282,1.9844064315745045,0.005864784247140793,0.008595718873895396,0.011638115579823027,0.37874379138722736
2000,29377,39,103039,3163,4.96,0.6676059605553034,1.9791799425743604,0.005600806654210895,0.008389389827424905,0.011085004192251216,0.36895844877463324
2000,29377,40,103040,3021,4.34,0.6738293624696591,1.9571042748831358,0.005752991250803517,0.008537756843539985,0.01125920377031284,0.3653748352959053
2000,29377,41,103041,3244,4.96,0.6464450555578505,2.0099152446872015,0.005745041199254107,0.00888712992675985,0.011547045887736872,0.3664106270871612
2000,29377,42,103042,3155,5.4,0.6720080156794598,1.9597063497137845,0.005666523327325366,0.008432225799562834,0.011104721745360802,0.36519124701264094
2000,29377,43,103043,3239,5.08,0.6588019117097947,1.9693255612152998,0.005737963147944533,0.00870969413712347,0.011299917496558575,0.36071846146363096
2000,29377,44,103044,3130,4.83,0.684485730602157,1.9000154746212374,0.0059769410028900774,0.008732016951809985,0.011356280396389326,0.35238663359453926
2000,29377,45,103045,3252,4.96,0.6777213441045445,1.974021493760641,0.0059692789026082535,0.008807866174696482,0.011783484856000625,0.3729722039834583
2000,29377,46,103046,3092,4.54,0.6783809675723214,1.941213094277137,0.005756610046901868,0.00848580712324917,0.011174806801693232,0.3627443667306627
2000,29377,47,103047,3224,5.11,0.6960265345603865,1.8800102984103506,0.005922351759670569,0.008508801698790338,0.011134082298989332,0.35193790242726797
2000,29377,48,103048,3069,4.18,0.6638896603995833,2.012126336946708,0.005668057021379796,0.008537649190030003,0.011404846812033999,0.37720749583324387
2000,29377,49,103049,3141,4.07,0.6633777744820429,2.0059110640705415,0.005590466320347359,0.008427274074281921,0.011213978245298496,0.3749880689974464
2000,29377,50,103050,3128,4.44,0.6747218078998923,1.9681787415977943,0.005848830985300982,0.008668507400858705,0.011511544808467873,0.36944438701742466
2000,29377,51,103051,3146,4.48,0.6886778324618908,1.9455713073797358,0.005877239653279379,0.008534091524725541,0.011434588836014786,0.3698360568674547
2000,29377,52,103052,3172,4.49,0.674801100988012,1.9716732653423636,0.005856724253079496,0.0086791859771781,0.011547546632279066,0.3706061255632819
2000,29377,53,103053,3173,4.8,0.6858492025399054,1.964787961355073,0.005943639440631682,0.008666102429835306,0.011677991219588329,0.37447538725834006
2000,29377,54,103054,3194,5.44,0.6787021335781592,1.9895559227025268,0.005672197844375625,0.008357418613776047,0.011285154816018031,0.37840389933161656
2000,29377,55,103055,3086,4.87,0.6693766775113312,1.9629593425082998,0.005686044137280382,0.008494535779795118,0.011161473461189071,0.36475323054861286
2000,29377,56,103056,3066,4.43,0.6772782498950793,1.9157904494860032,0.005882219715922423,0.008685085807544636,0.01126910035354245,0.3536615583120699
2000,29377,57,103057,3078,4.73,0.6638486851795273,2.0441641472012853,0.005642818726305786,0.008500158021371655,0.011534847729470311,0.386945667624912
2000,29377,58,103058,3179,5.15,0.6531876204953624,2.0196004910848173,0.005677123923726846,0.008691413838219173,0.011465522264308102,0.3734023871431075
2000,29377,59,103059,3092,4.79,0.6762626567029639,1.9565369764170089,0.005807853670395737,0.008588162621179202,0.011363280459748503,0.36655544397724227
2000,29377,60,103060,3098,4.46,0.6770239332458248,1.9753492388466733,0.005889961703373593,0.00869978358835207,0.011634731367595082,0.37300893201707896
2000,29377,61,103061,3073,4.99,0.6746490438065156,1.9482541127577462,0.005865871239497989,0.00869470029395058,0.011428207767259335,0.36295472439855614
2000,29377,62,103062,3230,5.9,0.6741158963975379,1.9303437273352133,0.005874381117839823,0.008714200553988416,0.01133957474279852,0.3567403539055518
2000,29377,63,103063,3191,5.25,0.6717104294605946,2.0026116291844756,0.0057622191106181985,0.0085784273369783,0.01153948700083303,0.3786272107866989
2000,29377,64,103064,3114,5.26,0.6724213325193968,1.9965376955828598,0.0057668625082971095,0.008576263466672151,0.011513758383058702,0.377131015877766
2000,29377,65,103065,3178,4.85,0.6594699995148986,1.9973874678316779,0.005908735710741851,0.00895982488223615,0.011802034659365275,0.3700848615463376
2000,29377,66,103066,3172,5.09,0.6766965481476196,1.9517246401670885,0.005693545438990047,0.008413735011025969,0.011112232923187818,0.36523646743498084
2000,29377,67,103067,3102,4.6,0.6909458283861377,1.8973806348217872,0.005671518384700827,0.008208340150121403,0.010761029153167092,0.3550868445172257
2000,29377,68,103068,3109,4.93,0.6564961593315362,2.0766462726561383,0.005739104860141466,0.008742023511584885,0.011918090716195503,0.3924728080795721
2000,29377,69,103069,3076,4.77,0.654879055141664,2.0295304165701156,0.00583285164933844,0.00890676164330324,0.01183794983767353,0.3774423149803444
2000,29377,70,103070,3212,4.54,0.6459947822781389,2.0232898981286542,0.005734074146888152,0.008876347463158449,0.011601694296519478,0.3703324171181728
2000,29377,71,103071,3165,5.42,0.7124073483225841,1.8843364537867158,0.006139186517072593,0.008617522729836746,0.011568292950715788,0.3621915822076296
2000,29377,72,103072,3177,4.35,0.66993777301715,1.9483479911925,0.005749130061762282,0.008581588161345707,0.011201306006938954,0.36031038638572876
2000,29377,73,103073,3153,4.39,0.6701086986400773,1.9832499447985263,0.005813458982059998,0.008675396982396838,0.011529542205258989,0.3716638654634522
2000,29377,74,103074,3251,4.69,0.6617446193093913,1.9790154015105481,0.005781727663146478,0.008737098110718896,0.01144212809270647,0.3655539574355895
2000,29377,75,103075,3096,4.78,0.6897493858410791,1.9025946636378808,0.005782277382595856,0.008383156986134836,0.011001330091800888,0.35619446691777934
2000,29377,76,103076,3148,4.49,0.6925523759724549,1.9717317806194936,0.005836092977673831,0.008426933731155016,0.011507209998729746,0.38025695583884755
2000,29377,77,103077,3243,5.3,0.6563911686426008,2.015014151600384,0.005696281577623911,0.00867818131892857,0.011478087990412741,0.37383025341158815
2000,29377,78,103078,3223,4.9,0.6690267073036092,1.9373844669014457,0.0057425763576463475,0.008583478499372259,0.011125578235299515,0.3561658300345891
2000,29377,79,103079,3084,4.86,0.7051926782540789,1.8933011581347814,0.006164213450336846,0.008741176192580798,0.011670712464512747,0.36141903554557564
2000,29377,80,103080,3105,4.75,0.6545344239878955,2.030731540173038,0.005724757710608698,0.008746305008267324,0.011625446042781878,0.3776125808152988
2000,29377,81,103081,3090,4.89,0.6550145186576837,1.9847011196003674,0.005730651050784813,0.008748891646750965,0.01137362955653164,0.36345989529699096
2000,29377,82,103082,3073,4.94,0.6618109784374674,2.015809797838972,0.005630192521809382,0.008507251625082195,0.011349397249183064,0.37717202788415927
2000,29377,83,103083,3062,5.22,0.672157577863776,1.964408454608944,0.005808060205711237,0.008640920517730648,0.011409402572976917,0.36679503457682405
2000,29377,84,103084,3181,4.89,0.6683536870713207,1.9592467073557531,0.005571368164815952,0.008335957850744116,0.010915684732382318,0.3629659358746965
2000,29377,85,103085,3210,5.65,0.6907323308611171,1.9266446420954704,0.0059666626702002635,0.008638169090422898,0.01149563866473239,0.36476640460918874
2000,29377,86,103086,3193,4.94,0.6762346702905093,1.9700464044554402,0.005795100695733671,0.008569659247497774,0.01141661728908734,0.37088370488857014
2000,29377,87,103087,3140,4.96,0.6440749562935186,2.0928409572654654,0.005480008960473036,0.008508340383251416,0.011468787198659717,0.3901556851033394
2000,29377,88,103088,3136,5.56,0.6772571993373468,1.9700748836160793,0.005669912162884493,0.008371874331394545,0.01117015154440806,0.37145944535960385
2000,29377,89,103089,3214,5.52,0.6744715921988476,1.945434355004374,0.005798781260573686,0.008597517416069454,0.01128114828147562,0.3619311475462653
2000,29377,90,103090,3150,4.85,0.7008667834608518,1.8808255138793843,0.006051659110242605,0.008634535482420436,0.011382114855844906,0.3548565104699575
2000,29377,91,103091,3155,4.97,0.6660751267932467,1.9676511196247124,0.005673842920624935,0.008518322772299117,0.011164143375342401,0.364386267007755
2000,29377,92,103092,3134,5.33,0.6800886318809031,1.9502595967721326,0.005859218391176219,0.008615374697517785,0.011426996896975197,0.3666492946836484
2000,29377,93,103093,3151,4.77,0.672078004901115,1.9587634411647168,0.005837507109367189,0.008685758300074231,0.011434295513367575,0.36492522025241514
2000,29377,94,103094,3124,5.67,0.6820983115702175,1.9302050706695457,0.0059921682877274755,0.008784904149569386,0.011566113613276823,0.3611911082935345
2000,29377,95,103095,3210,4.25,0.6549656803279962,2.0258523038039535,0.005760168580407834,0.008794611310814385,0.011669250788918359,0.37636185242311837
2000,29377,96,103096,3152,4.44,0.6746980192770385,1.9902754066267925,0.00591667694543784,0.008769370557479563,0.011775816613460666,0.3764318864251792
2000,29377,97,103097,3064,4.75,0.6970478812122792,1.9173200719781873,0.005942282838643468,0.008524927768676199,0.011393258159902641,0.36509774446104126
2000,29377,98,103098,3206,4.94,0.705719662111624,1.8741044494749994,0.006143629772660954,0.008705481939214006,0.011513803892870973,0.35516047302711495
2000,29377,99,103099,3306,5.0,0.6473647810198907,1.9998497104191646,0.0056283294448709175,0.00869421632113469,0.011255813010468761,0.36377115750392486
2000,29377,100,103100,3207,5.22,0.6809528524697102,1.9685989791529224,0.005823524852411593,0.008552023581795088,0.011464185079529135,0.37302353658455056
2000,29377,101,103101,3137,4.49,0.6865096052949895,1.9183159920551658,0.00587348972090266,0.008555582726885303,0.011267209260779204,0.3596873851444695
2000,29377,102,103102,3184,5.1,0.6945850203835733,1.9057737936333154,0.0059980011751980585,0.008635373639192161,0.011430833453874288,0.35991654180603583
2000,29377,103,103103,3108,4.62,0.6664488104283914,2.0167964386746715,0.00584289643823659,0.008767209644324809,0.011783932728180476,0.380083609624556
2000,29377,104,103104,3121,4.95,0.6467109622719271,2.0501805259119155,0.005606010062939041,0.008668493948586946,0.011493332659103853,0.3790093598213582
2000,29377,105,103105,3147,5.06,0.6736606179562991,1.9292683292767892,0.005763220118749011,0.008555079464542599,0.011118798049753282,0.3561219693342069
2000,29377,106,103106,3261,5.43,0.6751593630250023,1.9660186307105456,0.005872877703485369,0.008698505901143648,0.011546186980936799,0.3689958586030637
2000,29377,107,103107,3185,5.26,0.637917203180675,2.0597330008503194,0.005756704523128341,0.009024218965134084,0.011857274282431744,0.3767149542048426
2000,29377,108,103108,3144,4.89,0.677208005952157,1.941251321849667,0.00571789246141806,0.008443332641023168,0.011099866298922054,0.36209929376282335
2000,29377,109,103109,3181,5.09,0.6745016465907309,1.9684139625038652,0.005744678369077231,0.00851692267633995,0.011307905111785555,0.36939685536655387
2000,29377,110,103110,3218,5.29,0.6829254690774199,1.956735333889136,0.005889121845223929,0.008623374162893181,0.011523452800128049,0.3703060940226246
2000,29377,111,103111,3167,5.23,0.6474386829814188,2.0022133416113714,0.005733393843599886,0.008855500905812315,0.011479477646368193,0.36456626342977616
2000,29377,112,103112,3179,5.43,0.6952352965350828,1.9108182919488048,0.005755925855795447,0.008279104764217036,0.010998528412355019,0.36195870511883854
2000,29377,113,103113,3116,5.18,0.6640495129075547,1.9858633194117283,0.00544964540175336,0.008206685338706107,0.01082225090714279,0.36906236707900775
2000,29377,114,103114,3133,5.12,0.7148634517420955,1.9102461196785419,0.0059395033019471076,0.008308584370165743,0.011345913135362349,0.3721048494675516
2000,29377,115,103115,3161,4.13,0.6379772867801411,2.051770502120856,0.0054494044191578635,0.008541690326721349,0.011180927241355141,0.374332090538518
2000,29377,116,103116,3230,5.55,0.7112506333852983,1.9110708694928928,0.006008521617268486,0.00844782603379919,0.011482710631480127,0.37051676581332416
2000,29377,117,103117,3185,4.36,0.6670664486409796,1.9618374501429645,0.005814355462357761,0.008716306260348423,0.011406820294496767,0.36307133155606397
2000,29377,118,103118,3183,5.56,0.6891798116970991,1.9040511007845669,0.005745985288004121,0.008337425430171385,0.010940649612716173,0.3563722805907913
2000,29377,119,103119,3208,4.31,0.6634480126641018,1.9658800456242034,0.005692096789909861,0.008579567172193374,0.01118997949704538,0.3623016035967024
5000,73442,0,104000,7890,20.91,0.677966518587181,1.9829319222687491,0.005757180356690688,0.008491835804352277,0.01141609671154055,0.37592434081963355
5000,73442,1,104001,8040,20.95,0.691367019501152,1.9100596549697535,0.0058786049398481055,0.008502871519803976,0.011228486123109761,0.3595986002933631
5000,73442,2,104002,7972,16.94,0.6774452210043199,1.954644619991041,0.005827452862140691,0.008602101958150105,0.011390599385234694,0.36660247927798195
5000,73442,3,104003,7974,17.83,0.6843464121799705,1.9581706427661985,0.005786700121941952,0.00845580545020839,0.01133134629727831,0.37154398080785567
5000,73442,4,104004,7859,18.35,0.6645120440832976,1.9805903621779877,0.005655768073283791,0.008511159615001398,0.011201759736659843,0.36764722591213583
5000,73442,5,104005,7789,17.62,0.6737312363092157,1.9457697037358943,0.005819181221679625,0.008637244212629697,0.011322786521693043,0.3616224501533867
5000,73442,6,104006,7858,16.91,0.6740240347934555,1.9430288439397632,0.005773165893587388,0.008565222596782454,0.011217427852089573,0.3608878666556835
5000,73442,7,104007,7862,19.37,0.6776505214198277,1.9627322741391786,0.005635910196210359,0.008316838869100078,0.011061782836252141,0.3693263883474597
5000,73442,8,104008,7912,19.07,0.6830820029113263,1.9301944186814168,0.005809047896068479,0.008504173541844252,0.011212591826844406,0.3617344830280447
5000,73442,9,104009,7778,17.89,0.6766449985370768,1.9688728098469535,0.005797285393906204,0.008567691191747634,0.01141411758298481,0.3707364375206754
5000,73442,10,104010,7917,21.46,0.670773042656582,1.9902124640172054,0.005802713539266439,0.008650785243671867,0.011548632810969458,0.3742333391529401
5000,73442,11,104011,7851,18.35,0.6817418725175013,1.9283920951616291,0.00583515843734459,0.008559190321986264,0.011252473404590992,0.3603917893528199
5000,73442,12,104012,7749,15.53,0.6716980696640529,1.9765802621666864,0.005706647166427046,0.008495851669309103,0.011279646152309149,0.3704368628253183
5000,73442,13,104013,7922,19.41,0.662978905297418,1.9729979815877805,0.005816596887422637,0.008773426787709426,0.01147613391859463,0.3643319353614357
5000,73442,14,104014,7922,18.57,0.6637615335219631,1.9681122887671059,0.005774682719496225,0.00869993578696158,0.011365224023971571,0.36320575485675044
5000,73442,15,104015,7916,17.15,0.6884666344042888,1.9518783476809087,0.00591489363647094,0.00859140202428101,0.011545152817863221,0.3717581789689651
5000,73442,16,104016,7844,16.5,0.6693689278865541,1.956195538570126,0.005693898986314428,0.008506368833540239,0.011138379794097247,0.3625523602912132
5000,73442,17,104017,7945,19.41,0.6732697332049362,1.9364287159505869,0.005778023170796142,0.008582033152286934,0.011188729989357512,0.3582803259734544
5000,73442,18,104018,7871,19.03,0.6679717689162774,1.9908629867974517,0.005665856869049419,0.00848218013501042,0.011279944729082584,0.3728676272862146
5000,73442,19,104019,7653,17.87,0.6816348008291215,1.9689954216019643,0.005742808438170653,0.008425051700977211,0.011307563521895143,0.3735228587611181
5000,73442,20,104020,7983,20.59,0.6784251935673874,1.9512936246390655,0.005827483644532042,0.008589721755303892,0.0113711316832638,0.36606110097839284
5000,73442,21,104021,7887,20.65,0.6713030644945788,1.9673944799253322,0.005721398005700182,0.008522824203115769,0.011256246853870342,0.36727479444366373
5000,73442,22,104022,7835,17.32,0.6816730646462091,1.963534519880792,0.005972525577087212,0.008761568979092601,0.011727260141481689,0.37180149589833245
5000,73442,23,104023,8046,20.22,0.6620779839293446,1.9907451743495113,0.005672378960404314,0.008567539018197677,0.011292261042506585,0.36948331583020577
5000,73442,24,104024,7791,17.31,0.6670761502671702,1.9848509374002459,0.005682615703757656,0.008518691159145348,0.01127914510648874,0.37046173584852715
5000,73442,25,104025,7765,15.74,0.6728455391503824,1.9564130000857265,0.005777363189972474,0.008586462796896423,0.011302908451078892,0.3645960219425721
5000,73442,26,104026,7777,15.35,0.6864204463184657,1.935935804030193,0.005895518408835334,0.00858878613021399,0.011413345170983438,0.36546628871466635
5000,73442,27,104027,7828,16.44,0.6709305656595905,1.9718248072816287,0.005827466760708523,0.008685648052089491,0.01149074352237418,0.3684866960724157
5000,73442,28,104028,7894,20.74,0.6643841389457773,1.9998895987303893,0.005853785074417819,0.008810844105499585,0.011706923883531395,0.37367709375189784
5000,73442,29,104029,7927,19.73,0.6770787828719146,1.9786456994074175,0.005746686877405028,0.00848747150668307,0.0113706572758185,0.3740837473679166
5000,73442,30,104030,7866,16.25,0.6742147135743345,1.9626301441462144,0.0058290658407979005,0.008645711408306764,0.011440300331362958,0.36737774228606335
5000,73442,31,104031,7891,18.54,0.670713250574344,2.003112832426092,0.005731562043556331,0.008545473104412787,0.011480965479294003,0.378230203125432
5000,73442,32,104032,8054,20.64,0.6925277204962654,1.9286393391673002,0.005874296292186069,0.008482398781057526,0.011329398919034662,0.36639643568721303
5000,73442,33,104033,8102,19.82,0.6659915999926628,1.9957858936859734,0.005734205817487515,0.008610027239909165,0.011444247082033628,0.373299398615932
5000,73442,34,104034,7709,17.7,0.672779486178663,1.9580109822130531,0.005759798643391675,0.008561198374384004,0.011277748999096745,0.36507732975247664
5000,73442,35,104035,7886,18.35,0.6751314242832632,1.9788688035402893,0.005845019117181646,0.008657601923043158,0.011566525987087363,0.37307792087203884
5000,73442,36,104036,8038,18.7,0.6680821268520213,1.981476281677833,0.005789632415807231,0.008666048952825259,0.011472019311555162,0.36995915993307116
5000,73442,37,104037,7923,18.17,0.6670282358192825,1.9609160313789735,0.00581772878836307,0.008721862847705989,0.011408077647316115,0.3627501457491539
5000,73442,38,104038,8002,20.35,0.6837386763924114,1.9594977177915902,0.005825097297672901,0.008519479003890312,0.011414264860704008,0.3716381879770718
5000,73442,39,104039,7927,19.07,0.6592696406834918,1.9851462075627138,0.005714415127982978,0.008667796566604538,0.011343949519754409,0.3660844633722029
5000,73442,40,104040,7904,17.95,0.6879205380554347,1.9240163231148626,0.00583998126784046,0.008489325357763713,0.011236219286010075,0.36236085017292163
5000,73442,41,104041,7841,18.5,0.6630613899049909,1.9859266796947286,0.0056010943806797065,0.008447323982297144,0.011123362766080051,0.36851747720497985
5000,73442,42,104042,7940,20.43,0.6650352859291236,2.002311367617144,0.005722924007498265,0.008605444144971561,0.011459075796222837,0.37480262774800865
5000,73442,43,104043,7930,19.02,0.6671456096784059,1.9572822221826478,0.005753247732562782,0.008623676224649227,0.011260729506757761,0.36163443280543406
5000,73442,44,104044,7887,17.51,0.6674449596071234,1.977211521787402,0.005825658533389537,0.008728298040963079,0.01151855917421689,0.3682388415848854
5000,73442,45,104045,7996,20.3,0.6714987571805386,1.951442146943233,0.0058423249101687775,0.008700425499965615,0.01140095906583969,0.36221372578609
5000,73442,46,104046,7860,20.68,0.661237765124342,1.9958305573081545,0.0056376911034057235,0.008525966604986012,0.01125187617684147,0.37060906617763556
5000,73442,47,104047,7815,20.8,0.6528004772247352,2.014035427013455,0.005707495199824752,0.008743092872862394,0.01149509753195629,0.3714456083337
5000,73442,48,104048,7896,16.18,0.6844781601437635,1.9638206320914626,0.005845777191527083,0.008540487530382668,0.011480057859330572,0.37342368400098613
5000,73442,49,104049,7929,17.67,0.6804537198908467,1.9347035702335418,0.0058317994867251016,0.008570457205613623,0.01128280328785319,0.361760711194714
5000,73442,50,104050,7907,16.74,0.6692296340989285,1.9807803984035104,0.005773826761219889,0.008627571863272235,0.011436682872401982,0.37038567978288794
5000,73442,51,104051,7931,16.42,0.6870838633521957,1.9478727471822836,0.005852853083782641,0.008518396946811278,0.011400613015161994,0.36971590863222914
5000,73442,52,104052,7740,15.87,0.6749520862792492,1.9590667779875899,0.005754858878203719,0.008526322082991162,0.011274152840295835,0.3666406175481589
5000,73442,53,104053,7732,17.83,0.6845486037511548,1.9269178302602303,0.005832732449079559,0.008520552692851388,0.011239196155268824,0.3614630021737689
5000,73442,54,104054,7932,18.75,0.6759416250984797,1.9634360065301406,0.0057971575529944495,0.008576417456388851,0.011382347875077465,0.36860236714187233
5000,73442,55,104055,7855,17.86,0.6825295870579602,1.9431399760505446,0.005730526267122376,0.008396011507462667,0.01113521467345319,0.3656818396028192
5000,73442,56,104056,8076,19.77,0.6691456336183798,1.9827015201844287,0.005725737904255059,0.008556788861183098,0.01135242924694411,0.37094843514295484
5000,73442,57,104057,7712,17.26,0.6625511400347344,2.0036702812141955,0.005863683655640592,0.008850160087767999,0.011748888679248467,0.3738197652090708
5000,73442,58,104058,7922,19.95,0.673743762046771,1.960960065967344,0.005835532189874194,0.008661352458605907,0.011443245588010258,0.36657460783375495
5000,73442,59,104059,8132,18.56,0.6717612061713997,1.9698140968336795,0.005804304276213396,0.008640427912314468,0.011433400385597153,0.3683098771418809
5000,73442,60,104060,8025,19.81,0.6850279711214967,1.9306402858244105,0.005840656427071483,0.008526157577929884,0.011276206593763468,0.362958904417944
5000,73442,61,104061,7814,19.8,0.6745948323132245,1.9727369093886598,0.0057744189684199145,0.008559832794181212,0.011391409429275955,0.3708306311174252
5000,73442,62,104062,7866,18.32,0.6720742650889407,1.9776952590510417,0.005766273108856573,0.008579815369203993,0.011403930989779156,0.3710024862953688
5000,73442,63,104063,7866,18.88,0.6771437787230815,1.9652424789522587,0.005779054946861533,0.008534457715552434,0.011357244269771473,0.36985098134628835
5000,73442,64,104064,7730,19.12,0.6681470604141323,1.9975997274327524,0.00560402511168734,0.008387412657647317,0.01119459903563293,0.3750808883462794
5000,73442,65,104065,7920,17.73,0.6592813707981039,1.9944331724787194,0.005752752017323412,0.008725791857821378,0.011473479456393685,0.36904302089997165
5000,73442,66,104066,7857,19.51,0.6725725979514998,1.967449719041094,0.005787114543903846,0.008604445916366582,0.011385856883462251,0.36800714221281383
5000,73442,67,104067,8045,19.98,0.6789957870674697,1.9388728939897457,0.005705123792461243,0.008402296304519401,0.011061509878059083,0.36231941875479234
5000,73442,68,104068,7771,19.92,0.6788620538615208,1.9634879793004352,0.0058480273590449236,0.008614456097199751,0.011482531422104777,0.3702397613995092
5000,73442,69,104069,7858,17.61,0.6782139369083299,1.9551301834485169,0.005799043492245583,0.008550463469802457,0.011337884966820035,0.36718766312934814
5000,73442,70,104070,7890,20.39,0.682038344740749,1.9384826986469708,0.005990342877609389,0.00878300014039004,0.011612176027208909,0.3638856755450711
5000,73442,71,104071,7875,22.91,0.6738052644802913,1.9736366059172732,0.005707410441298467,0.008470415329421053,0.011264354171941113,0.370677379532521
5000,73442,72,104072,7836,17.33,0.6746272804534688,1.9599960748873253,0.0057712753309421445,0.008554761270642402,0.011311676995740653,0.3667589426846729
5000,73442,73,104073,7916,17.03,0.6799430217111585,1.9362063231915896,0.005797855280611545,0.008526972254264105,0.01122584405526982,0.3619710257710621
5000,73442,74,104074,8204,17.45,0.6711235955434162,1.9735629349596069,0.0057265014969169175,0.008532707738103152,0.011301611101305934,0.36915148171341794
5000,73442,75,104075,7851,18.63,0.6764865715075492,1.9875144288112903,0.005796966380584429,0.008569226093676774,0.011521554324745515,0.3765514587122115
5000,73442,76,104076,7895,16.28,0.6798270802650564,1.9535140035829954,0.005923938947130907,0.008713890810029564,0.011572497689590932,0.3675596163511572
5000,73442,77,104077,7955,18.71,0.6716465767278482,1.9736352138935205,0.005662780799902314,0.008431191337995723,0.011176263595247324,0.369468516119669
5000,73442,78,104078,7919,18.08,0.6748163953930161,1.9484588541026668,0.005757881998407183,0.008532516455907635,0.011218996160674833,0.36311599319349275
5000,73442,79,104079,7965,16.35,0.658970137004732,2.030876696790124,0.00562750379402839,0.008539846463464215,0.011428766316390266,0.38018899567598685
5000,73442,80,104080,7928,19.17,0.6630201830357211,1.9908223585637004,0.005721948426466098,0.00863012706531412,0.011391382861957091,0.3700468298844243
5000,73442,81,104081,7870,17.45,0.666165808321564,2.002543889719073,0.005858735237254686,0.008794710211885602,0.011732374450846194,0.37551236919124187
5000,73442,82,104082,7864,17.98,0.6679036284049898,1.9720472919970975,0.005772230434006741,0.00864231034017784,0.011383111396166224,0.36684530825907025
5000,73442,83,104083,7729,20.07,0.6745683089776751,1.9714725366087975,0.00577809662310796,0.008565621222059495,0.011391358806329377,0.37041234109851495
5000,73442,84,104084,8060,17.74,0.6779120838259225,1.943813578989401,0.005867526241814044,0.008655290828715682,0.011405377183914787,0.36333464310976393
5000,73442,85,104085,7938,19.56,0.6753337827302273,1.9720716970942163,0.005846512676620619,0.00865721932787731,0.011529742176266072,0.37102964737781374
5000,73442,86,104086,8081,19.67,0.6635722267333919,1.9871653766417876,0.005745221307361169,0.008658019543167932,0.01141670486313278,0.3692032410752535
5000,73442,87,104087,7646,17.85,0.6758066921738924,1.9875767860313946,0.005787735450783596,0.008564187833307736,0.011503568625668424,0.3761969111016885
5000,73442,88,104088,7886,20.59,0.6695386760033711,1.982499705671647,0.005858662692666902,0.008750297634243617,0.011614797063841591,0.37110565743803847
5000,73442,89,104089,7826,19.16,0.6634028852530125,1.9840604901459344,0.005685957999038258,0.008570897301523965,0.011281284614521042,0.368119155410232
5000,73442,90,104090,7938,20.2,0.686372635735787,1.9434628324800014,0.005809689357283016,0.008464337088635632,0.01129091533413417,0.3678977291253759
5000,73442,91,104091,7887,18.2,0.6820585877980105,1.9590925929858982,0.005831265011847496,0.008549507500042512,0.011423988092448255,0.3705887823274119
5000,73442,92,104092,8081,20.68,0.6952607834205558,1.8968573106813367,0.005956827325102739,0.008567759705640578,0.011299251460087482,0.357276582344913
5000,73442,93,104093,7914,19.92,0.6581209733533927,1.9980707829142252,0.005678711984910151,0.008628674992645828,0.01134646850163382,0.36952246527208854
5000,73442,94,104094,7833,19.44,0.6706051258494953,1.982037071613645,0.005750747043241413,0.008575459419515472,0.011398193829177037,0.3715580434294451
5000,73442,95,104095,7860,19.06,0.6752157378773314,1.9576882668735853,0.005824096481587366,0.00862553426242184,0.011401765347143317,0.3663423906706901
5000,73442,96,104096,7919,16.51,0.6709753985676051,1.9822596471073641,0.005724450955947216,0.008531536280119576,0.011347348131819342,0.3718361739474938
5000,73442,97,104097,7920,21.02,0.6643185943198218,1.988388901043235,0.005731313089563304,0.008627356118838497,0.011396079335691485,0.3700171442545265
5000,73442,98,104098,7754,15.33,0.6733883792345264,1.982769749245086,0.0057580212192463835,0.008550817621462087,0.011416830289033036,0.37334450637960837
5000,73442,99,104099,7928,19.95,0.67478288921277,1.9545990289188695,0.005834983035572133,0.00864720064609147,0.011405052175087369,0.36509787682963135
5000,73442,100,104100,7816,17.95,0.6851389205782363,1.9436349005290194,0.005786823792543834,0.008446205023150534,0.011247472686399898,0.367278800645388
5000,73442,101,104101,7769,15.02,0.6636821769395228,1.9971394829116385,0.005582323020293636,0.008411138967202246,0.011148677710194968,0.3724160680194618
5000,73442,102,104102,7852,17.32,0.6828547971492873,1.9446200151802906,0.005789627912446621,0.008478563724845414,0.011258626318990182,0.36634402665867194
5000,73442,103,104103,7843,17.62,0.6788418286730682,1.964822653748666,0.005843903232331083,0.008608637513917135,0.011482233457199165,0.3706563796964639
5000,73442,104,104104,7947,16.98,0.6866986333740545,1.9436420261524943,0.005692698650931992,0.008289951915240085,0.011064568340173027,0.36813393273535433
5000,73442,105,104105,8120,18.64,0.6831294265382829,1.9556342853998108,0.005880707073378035,0.008608481562825017,0.011500512375091266,0.37006334310874267
5000,73442,106,104106,7898,18.2,0.6861884601111967,1.9491366294600299,0.0058049367000537365,0.008459682780315262,0.011314614753771568,0.3696374206813322
5000,73442,107,104107,7938,17.59,0.6730567088419535,1.9550729934307582,0.005853162245630369,0.008696387939882793,0.011443359432600464,0.36427976979978394
5000,73442,108,104108,7784,19.46,0.6972148290421698,1.8958778312744324,0.005919156076090844,0.00848971626754203,0.011221996784513988,0.3580076424760398
5000,73442,109,104109,7790,18.38,0.6633687686604375,1.993018191901502,0.005742940430405037,0.008657236670942389,0.01144578475280388,0.3709397209387584
5000,73442,110,104110,7934,19.72,0.662894121087431,1.9989340675712908,0.0057346400743815956,0.008650914062979355,0.011463167409940932,0.37253144689810136
5000,73442,111,104111,7875,19.73,0.6752734023868427,1.9399441099223054,0.005784462349246652,0.008566104230968832,0.011221533663488385,0.36057908791433446
5000,73442,112,104112,8005,17.83,0.6703992739849663,1.9670206433718866,0.005767208247687512,0.008602646917271037,0.011344217677825941,0.36664406603168886
5000,73442,113,104113,7919,17.34,0.6872712601002725,1.9352484500988147,0.005959704861936622,0.008671546750066494,0.011533509597109217,0.36570687834385107
5000,73442,114,104114,8059,21.7,0.6740385962646223,1.9956760027243043,0.005889309172823289,0.008737347097719004,0.01175315298882756,0.3777560674805196
5000,73442,115,104115,7967,19.25,0.6768229900737762,1.9621513370018475,0.005838937691201654,0.008626978954372085,0.011456879397461806,0.3686798933757405
5000,73442,116,104116,7869,16.29,0.6685836457113689,2.0005944514586385,0.005811256798286776,0.00869189193538175,0.011625968106653816,0.3762606003809682
5000,73442,117,104117,8075,19.44,0.6776465800993988,1.9765527094133348,0.005802339101004078,0.008562485625107082,0.011468629071024543,0.3737340079119027
5000,73442,118,104118,7896,15.09,0.6803814993116523,1.9813732689977195,0.005779555874438761,0.008494581172894892,0.0114514575162917,0.3767545735105685
5000,73442,119,104119,7789,16.53,0.675416421891429,1.9532763435654719,0.005687013661819464,0.008420010940648454,0.011108309251165608,0.36502377258772967
