position,p_AA,n_AA,min_AA,p_BB,n_BB,min_BB,dp,degen,tx,transcript
60908622,0.939979,201,G,0.016716,82,G,0.923263,0,LOC_00005300-mRNA-1:766,LOC_00005300-mRNA-1
60908622,0.939979,201,G,0.016716,82,G,0.923263,0,LOC_00005300-mRNA-2:766,LOC_00005300-mRNA-2
61552548,0.982798,198,C,0.033248,80,C,0.94955,0,LOC_00005304-mRNA-1:1044,LOC_00005304-mRNA-1
64103547,0.049065,195,A,0.928469,73,A,0.879404,0,LOC_00005316-mRNA-1:1050,LOC_00005316-mRNA-1
68088901,0.976957,184,A,0.038237,75,A,0.93872005,0,LOC_00005332-mRNA-1:106,LOC_00005332-mRNA-1
68920207,0.982483,175,A,0.020864,69,A,0.961619,0,LOC_00005336-mRNA-1:27,LOC_00005336-mRNA-1
69090644,0.901084,175,G,0.050851,76,G,0.850233,0,LOC_00005340-mRNA-1:1650,LOC_00005340-mRNA-1
69090649,0.901971,173,A,0.047458,79,A,0.854513,0,LOC_00005340-mRNA-1:1645,LOC_00005340-mRNA-1
69090650,0.901379,171,G,0.047539,79,G,0.85384,0,LOC_00005340-mRNA-1:1644,LOC_00005340-mRNA-1
69090665,0.961767,170,T,0.097121,79,T,0.864646,0,LOC_00005340-mRNA-1:1629,LOC_00005340-mRNA-1
69092152,0.980538,180,G,0.179154,71,G,0.80138403,0,LOC_00005340-mRNA-1:142,LOC_00005340-mRNA-1
71561097,0.957935,221,A,0.095968,82,A,0.86196697,0,LOC_00005350-mRNA-1:150,LOC_00005350-mRNA-1
71894582,0.975061,209,T,0.111857,80,T,0.863204,0,LOC_00005351-mRNA-1:585,LOC_00005351-mRNA-1
78295550,0.843239,191,A,3e-06,76,A,0.843236,0,LOC_00005374-mRNA-1:1017,LOC_00005374-mRNA-1
78295550,0.843239,191,A,3e-06,76,A,0.843236,0,LOC_00005374-mRNA-2:1017,LOC_00005374-mRNA-2
78295550,0.843239,191,A,3e-06,76,A,0.843236,0,LOC_0000SQ31894:1017,LOC_0000SQ31894
